URL,productImage ,imageBack,Headline,Description ,price,rating
https://www.ikea.com/rs/sr/p/lack-pomocni-stocic-bela-30514791/,https://www.ikea.com/rs/sr/images/products/lack-pomocni-stocic-bela__1057250_pe848800_s5.jpg?f=xxs,https://www.ikea.com/rs/sr/images/products/lack-pomocni-stocic-bela__1063542_ph181543_s5.jpg?f=xxs,LACK,"Pomoćni stočić, bela, 35x35 cm",799,Pregled: 4.7 od 5 Zvezdice. Ukupno recenzija:
https://www.ikea.com/rs/sr/p/sandsberg-sto-crna-s29420393/,https://www.ikea.com/rs/sr/images/products/sandsberg-sto-crna__1074348_pe856162_s5.jpg?f=xxs,https://www.ikea.com/rs/sr/images/products/sandsberg-sto-crna__1540631_pe1017812_s5.jpg?f=xxs,SANDSBERG,"Sto, crna, 110x67 cm",4.999,Pregled: 4.7 od 5 Zvezdice. Ukupno recenzija:
https://www.ikea.com/rs/sr/p/lack-pomocni-stocic-bela-30449908/,https://www.ikea.com/rs/sr/images/products/lack-pomocni-stocic-bela__0702210_pe724345_s5.jpg?f=xxs,https://www.ikea.com/rs/sr/images/products/lack-pomocni-stocic-bela__1057263_pe848812_s5.jpg?f=xxs,LACK,"Pomoćni stočić, bela, 55x55 cm",1.199,Pregled: 4.6 od 5 Zvezdice. Ukupno recenzija:
https://www.ikea.com/rs/sr/p/lack-stocic-za-kafu-bela-90449905/,https://www.ikea.com/rs/sr/images/products/lack-stocic-za-kafu-bela__0750652_pe746803_s5.jpg?f=xxs,https://www.ikea.com/rs/sr/images/products/lack-stocic-za-kafu-bela__0702217_pe724349_s5.jpg?f=xxs,LACK,"Stočić za kafu, bela, 90x55 cm",2.499,Pregled: 4.5 od 5 Zvezdice. Ukupno recenzija:
https://www.ikea.com/rs/sr/p/groetan-sto-borovina-smede-bajcovano-80610422/,https://www.ikea.com/rs/sr/images/products/groetan-sto-borovina-smede-bajcovano__1480034_pe1000140_s5.jpg?f=xxs,https://www.ikea.com/rs/sr/images/products/groetan-sto-borovina-smede-bajcovano__1471382_pe997198_s5.jpg?f=xxs,GRÖTÅN,"Sto, borovina/smeđe bajcovano, 80 cm",11.999,Pregled: 4.7 od 5 Zvezdice. Ukupno recenzija:
https://www.ikea.com/rs/sr/p/lack-set-stocica-2-kom-bela-s59442727/,https://www.ikea.com/rs/sr/images/products/lack-set-stocica-2-kom-bela__1057264_pe848811_s5.jpg?f=xxs,https://www.ikea.com/rs/sr/images/products/lack-set-stocica-2-kom-bela__1057263_pe848812_s5.jpg?f=xxs,LACK,"Set stočića, 2 kom, bela",1.998,Pregled: 4.6 od 5 Zvezdice. Ukupno recenzija:
https://www.ikea.com/rs/sr/p/skogsta-trpezarijski-sto-bagrem-crna-70419264/,https://www.ikea.com/rs/sr/images/products/skogsta-trpezarijski-sto-bagrem-crna__1499941_pe1006841_s5.jpg?f=xxs,https://www.ikea.com/rs/sr/images/products/skogsta-trpezarijski-sto-bagrem-crna__1342684_pe949087_s5.jpg?f=xxs,SKOGSTA,"Trpezarijski sto, bagrem/crna, 235x100 cm",59.999,Pregled: 4.8 od 5 Zvezdice. Ukupno recenzija:
https://www.ikea.com/rs/sr/p/rosentorp-produzivi-sto-crna-60568240/,https://www.ikea.com/rs/sr/images/products/rosentorp-produzivi-sto-crna__1434525_pe983583_s5.jpg?f=xxs,https://www.ikea.com/rs/sr/images/products/rosentorp-produzivi-sto-crna__1448084_pe989476_s5.jpg?f=xxs,ROSENTORP,"Produživi sto, crna, 160/215x110 cm",49.999,Pregled: 4.5 od 5 Zvezdice. Ukupno recenzija:
https://www.ikea.com/rs/sr/p/vihals-sto-bela-bela-s39578509/,https://www.ikea.com/rs/sr/images/products/vihals-sto-bela-bela__1388805_pe964975_s5.jpg?f=xxs,https://www.ikea.com/rs/sr/images/products/vihals-sto-bela-bela__1414838_pe974922_s5.jpg?f=xxs,VIHALS,"Sto, bela/bela, 125x74 cm",7.499,Pregled: 4.6 od 5 Zvezdice. Ukupno recenzija:
https://www.ikea.com/rs/sr/p/vihals-sto-na-preklop-bela-70593574/,https://www.ikea.com/rs/sr/images/products/vihals-sto-na-preklop-bela__1370482_pe958753_s5.jpg?f=xxs,https://www.ikea.com/rs/sr/images/products/vihals-sto-na-preklop-bela__1414856_pe974952_s5.jpg?f=xxs,VIHALS,"Sto na preklop, bela, 39/95/151x90 cm",17.999,Pregled: 4.5 od 5 Zvezdice. Ukupno recenzija:
https://www.ikea.com/rs/sr/p/norden-sto-na-preklop-bela-10423886/,https://www.ikea.com/rs/sr/images/products/norden-sto-na-preklop-bela__0737112_pe740886_s5.jpg?f=xxs,https://www.ikea.com/rs/sr/images/products/norden-sto-na-preklop-bela__1359548_pe954191_s5.jpg?f=xxs,NORDEN,"Sto na preklop, bela, 26/89/152x80 cm",24.999,Pregled: 4.6 od 5 Zvezdice. Ukupno recenzija:
https://www.ikea.com/rs/sr/p/resaroe-pokretni-preklopni-sto-s-odlaganjem-borovina-20533337/,https://www.ikea.com/rs/sr/images/products/resaroe-pokretni-preklopni-sto-s-odlaganjem-borovina__1323608_pe942782_s5.jpg?f=xxs,https://www.ikea.com/rs/sr/images/products/resaroe-pokretni-preklopni-sto-s-odlaganjem-borovina__1358063_pe953804_s5.jpg?f=xxs,RESARÖ,"Pokretni preklopni sto s odlaganjem, borovina",24.999,Pregled: 4.6 od 5 Zvezdice. Ukupno recenzija:
https://www.ikea.com/rs/sr/p/alhult-sto-bez-smeda-00597919/,https://www.ikea.com/rs/sr/images/products/alhult-sto-bez-smeda__1403289_pe969280_s5.jpg?f=xxs,https://www.ikea.com/rs/sr/images/products/alhult-sto-bez-smeda__1447073_pe988941_s5.jpg?f=xxs,ÅLHULT,"Sto, bež/smeđa, 120x80 cm",14.999,Pregled: 4.6 od 5 Zvezdice. Ukupno recenzija:
https://www.ikea.com/rs/sr/p/vihals-produzivi-sto-zelena-30592755/,https://www.ikea.com/rs/sr/images/products/vihals-produzivi-sto-zelena__1370475_pe958748_s5.jpg?f=xxs,https://www.ikea.com/rs/sr/images/products/vihals-produzivi-sto-zelena__1414855_pe974933_s5.jpg?f=xxs,VIHALS,"Produživi sto, zelena, 120/180x74 cm",9.999,Pregled: 4.7 od 5 Zvezdice. Ukupno recenzija:
https://www.ikea.com/rs/sr/p/alhult-produzivi-sto-crna-smeda-20600789/,https://www.ikea.com/rs/sr/images/products/alhult-produzivi-sto-crna-smeda__1403275_pe969282_s5.jpg?f=xxs,https://www.ikea.com/rs/sr/images/products/alhult-produzivi-sto-crna-smeda__1447078_pe988944_s5.jpg?f=xxs,ÅLHULT,"Produživi sto, crna/smeđa, 120/170x80 cm",19.999,Pregled: 4.4 od 5 Zvezdice. Ukupno recenzija:
https://www.ikea.com/rs/sr/p/knarrevik-nocni-stocic-crna-00576318/,https://www.ikea.com/rs/sr/images/products/knarrevik-nocni-stocic-crna__1255280_pe924479_s5.jpg?f=xxs,https://www.ikea.com/rs/sr/images/products/knarrevik-nocni-stocic-crna__1295970_pe935630_s5.jpg?f=xxs,KNARREVIK,"Noćni stočić, crna, 37x28 cm",1.199,Pregled: 4.6 od 5 Zvezdice. Ukupno recenzija:
https://www.ikea.com/rs/sr/p/vihals-sto-bela-bela-s59578508/,https://www.ikea.com/rs/sr/images/products/vihals-sto-bela-bela__1388807_pe964980_s5.jpg?f=xxs,https://www.ikea.com/rs/sr/images/products/vihals-sto-bela-bela__1414865_pe974917_s5.jpg?f=xxs,VIHALS,"Sto, bela/bela, 74x74 cm",6.499,Pregled: 4.8 od 5 Zvezdice. Ukupno recenzija:
https://www.ikea.com/rs/sr/p/mariedamm-sto-tamnosiva-50441510/,https://www.ikea.com/rs/sr/images/products/mariedamm-sto-tamnosiva__0799242_pe767513_s5.jpg?f=xxs,https://www.ikea.com/rs/sr/images/products/mariedamm-sto-tamnosiva__1274383_pe930265_s5.jpg?f=xxs,MARIEDAMM,"Sto, tamnosiva, 105 cm",24.999,Pregled: 4.7 od 5 Zvezdice. Ukupno recenzija:
https://www.ikea.com/rs/sr/p/norberg-zidni-preklopni-sto-bela-30180504/,https://www.ikea.com/rs/sr/images/products/norberg-zidni-preklopni-sto-bela__0736622_pe740674_s5.jpg?f=xxs,https://www.ikea.com/rs/sr/images/products/norberg-zidni-preklopni-sto-bela__0870365_pe653416_s5.jpg?f=xxs,NORBERG,"Zidni preklopni sto, bela, 74x60 cm",5.999,Pregled: 4.5 od 5 Zvezdice. Ukupno recenzija:
https://www.ikea.com/rs/sr/p/rosentorp-produzivi-sto-bela-80568239/,https://www.ikea.com/rs/sr/images/products/rosentorp-produzivi-sto-bela__1434528_pe983580_s5.jpg?f=xxs,https://www.ikea.com/rs/sr/images/products/rosentorp-produzivi-sto-bela__1450993_pe990539_s5.jpg?f=xxs,ROSENTORP,"Produživi sto, bela, 110/155 cm",37.999,Pregled: 4.4 od 5 Zvezdice. Ukupno recenzija:
https://www.ikea.com/rs/sr/p/docksta-sto-bela-bela-s19324995/,https://www.ikea.com/rs/sr/images/products/docksta-sto-bela-bela__0803262_pe768820_s5.jpg?f=xxs,https://www.ikea.com/rs/sr/images/products/docksta-sto-bela-bela__1339180_pe948414_s5.jpg?f=xxs,DOCKSTA,"Sto, bela/bela, 103 cm",19.999,Pregled: 4.2 od 5 Zvezdice. Ukupno recenzija:
https://www.ikea.com/rs/sr/p/bollsidan-postolje-za-laptop-bela-30574370/,https://www.ikea.com/rs/sr/images/products/bollsidan-postolje-za-laptop-bela__1163783_pe890330_s5.jpg?f=xxs,https://www.ikea.com/rs/sr/images/products/bollsidan-postolje-za-laptop-bela__1163780_pe890329_s5.jpg?f=xxs,BOLLSIDAN,"Postolje za laptop, bela, 68x36 cm",8.999,Pregled: 4.7 od 5 Zvezdice. Ukupno recenzija:
https://www.ikea.com/rs/sr/p/hemnes-nocni-stocic-sivozelena-svetlosmede-bajcovano-50610739/,https://www.ikea.com/rs/sr/images/products/hemnes-nocni-stocic-sivozelena-svetlosmede-bajcovano__1420973_pe977593_s5.jpg?f=xxs,https://www.ikea.com/rs/sr/images/products/hemnes-nocni-stocic-sivozelena-svetlosmede-bajcovano__1431686_pe982557_s5.jpg?f=xxs,HEMNES,"Noćni stočić, sivozelena/svetlosmeđe bajcovano, 46x35 cm",5.999,Pregled: 4.8 od 5 Zvezdice. Ukupno recenzija:
https://www.ikea.com/rs/sr/p/vihals-sto-bela-bela-s49589970/,https://www.ikea.com/rs/sr/images/products/vihals-sto-bela-bela__1388806_pe964976_s5.jpg?f=xxs,https://www.ikea.com/rs/sr/images/products/vihals-sto-bela-bela__1414861_pe974938_s5.jpg?f=xxs,VIHALS,"Sto, bela/bela, 107 cm",8.999,Pregled: 4.7 od 5 Zvezdice. Ukupno recenzija:
https://www.ikea.com/rs/sr/p/pinntorp-sto-na-preklop-svetlosmede-bajcovano-belo-bajcovano-70529465/,https://www.ikea.com/rs/sr/images/products/pinntorp-sto-na-preklop-svetlosmede-bajcovano-belo-bajcovano__1118101_pe872927_s5.jpg?f=xxs,https://www.ikea.com/rs/sr/images/products/pinntorp-sto-na-preklop-svetlosmede-bajcovano-belo-bajcovano__1301722_pe937539_s5.jpg?f=xxs,PINNTORP,"Sto na preklop, svetlosmeđe bajcovano/belo bajcovano, 67/124x75 cm",14.999,Pregled: 4.6 od 5 Zvezdice. Ukupno recenzija:
https://www.ikea.com/rs/sr/p/borgeby-stocic-za-kafu-brezov-furnir-70389356/,https://www.ikea.com/rs/sr/images/products/borgeby-stocic-za-kafu-brezov-furnir__0987623_pe817609_s5.jpg?f=xxs,https://www.ikea.com/rs/sr/images/products/borgeby-stocic-za-kafu-brezov-furnir__0949801_pe800020_s5.jpg?f=xxs,BORGEBY,"Stočić za kafu, brezov furnir, 70 cm",12.999,Pregled: 4.4 od 5 Zvezdice. Ukupno recenzija:
https://www.ikea.com/rs/sr/p/skogsta-trpezarijski-sto-bagrem-crna-20593802/,https://www.ikea.com/rs/sr/images/products/skogsta-trpezarijski-sto-bagrem-crna__1542798_pe1018529_s5.jpg?f=xxs,https://www.ikea.com/rs/sr/images/products/skogsta-trpezarijski-sto-bagrem-crna__1469332_pe996488_s5.jpg?f=xxs,SKOGSTA,"Trpezarijski sto, bagrem/crna, 120 cm",29.999,Pregled: 4.6 od 5 Zvezdice. Ukupno recenzija:
https://www.ikea.com/rs/sr/p/gaperhult-produzivi-sto-jasen-bela-50511536/,https://www.ikea.com/rs/sr/images/products/gaperhult-produzivi-sto-jasen-bela__1015086_pe829866_s5.jpg?f=xxs,https://www.ikea.com/rs/sr/images/products/gaperhult-produzivi-sto-jasen-bela__1015059_pe829854_s5.jpg?f=xxs,GAPERHULT,"Produživi sto, jasen/bela, 90/120x90 cm",22.999,Pregled: 4.6 od 5 Zvezdice. Ukupno recenzija:
https://www.ikea.com/rs/sr/p/sonhult-set-stocica-2-kom-zuta-im-brezovine-50578555/,https://www.ikea.com/rs/sr/images/products/sonhult-set-stocica-2-kom-zuta-im-brezovine__1329105_pe945080_s5.jpg?f=xxs,https://www.ikea.com/rs/sr/images/products/sonhult-set-stocica-2-kom-zuta-im-brezovine__1344313_pe949819_s5.jpg?f=xxs,SONHULT,"Set stočića, 2 kom., žuta/im. brezovine",5.499,Pregled: 4.5 od 5 Zvezdice. Ukupno recenzija:
https://www.ikea.com/rs/sr/p/lisabo-sto-jasenov-furnir-40416498/,https://www.ikea.com/rs/sr/images/products/lisabo-sto-jasenov-furnir__0631745_pe695175_s5.jpg?f=xxs,https://www.ikea.com/rs/sr/images/products/lisabo-sto-jasenov-furnir__1470757_pe996934_s5.jpg?f=xxs,LISABO,"Sto, jasenov furnir, 105 cm",19.999,Pregled: 4.6 od 5 Zvezdice. Ukupno recenzija:
https://www.ikea.com/rs/sr/p/aemmaryd-pomocni-stocic-bela-80609126/,https://www.ikea.com/rs/sr/images/products/aemmaryd-pomocni-stocic-bela__1447804_pe989266_s5.jpg?f=xxs,https://www.ikea.com/rs/sr/images/products/aemmaryd-pomocni-stocic-bela__1466109_pe995236_s5.jpg?f=xxs,ÄMMARYD,"Pomoćni stočić, bela, 59x40 cm",4.699,Pregled: 5 od 5 Zvezdice. Ukupno recenzija:
https://www.ikea.com/rs/sr/p/lack-stocic-za-kafu-bela-80449901/,https://www.ikea.com/rs/sr/images/products/lack-stocic-za-kafu-bela__0750651_pe746801_s5.jpg?f=xxs,https://www.ikea.com/rs/sr/images/products/lack-stocic-za-kafu-bela__0702214_pe724347_s5.jpg?f=xxs,LACK,"Stočić za kafu, bela, 118x78 cm",4.999,Pregled: 4.5 od 5 Zvezdice. Ukupno recenzija:
https://www.ikea.com/rs/sr/p/hauga-sto-na-rasklapanje-siva-brezov-furnir-80586002/,https://www.ikea.com/rs/sr/images/products/hauga-sto-na-rasklapanje-siva-brezov-furnir__1351983_pe952095_s5.jpg?f=xxs,https://www.ikea.com/rs/sr/images/products/hauga-sto-na-rasklapanje-siva-brezov-furnir__1375862_pe960374_s5.jpg?f=xxs,HAUGA,"Sto na rasklapanje, siva/brezov furnir, 55/82/109x74 cm",14.999,Pregled: 4.7 od 5 Zvezdice. Ukupno recenzija:
https://www.ikea.com/rs/sr/p/nordviken-sto-na-rasklapanje-crna-70368716/,https://www.ikea.com/rs/sr/images/products/nordviken-sto-na-rasklapanje-crna__0714209_pe729967_s5.jpg?f=xxs,https://www.ikea.com/rs/sr/images/products/nordviken-sto-na-rasklapanje-crna__0797427_pe766871_s5.jpg?f=xxs,NORDVIKEN,"Sto na rasklapanje, crna, 74/104x74 cm",19.999,Pregled: 4.3 od 5 Zvezdice. Ukupno recenzija:
https://www.ikea.com/rs/sr/p/naesinge-sto-bela-60587535/,https://www.ikea.com/rs/sr/images/products/naesinge-sto-bela__1393639_pe966302_s5.jpg?f=xxs,https://www.ikea.com/rs/sr/images/products/naesinge-sto-bela__1445393_pe988190_s5.jpg?f=xxs,NÄSINGE,"Sto, bela, 80x60 cm",12.999,Pregled: 4.5 od 5 Zvezdice. Ukupno recenzija:
https://www.ikea.com/rs/sr/p/tingby-pomocni-stocic-tockici-bela-20295930/,https://www.ikea.com/rs/sr/images/products/tingby-pomocni-stocic-tockici-bela__0441842_pe593578_s5.jpg?f=xxs,https://www.ikea.com/rs/sr/images/products/tingby-pomocni-stocic-tockici-bela__0987358_pe817503_s5.jpg?f=xxs,TINGBY,"Pomoćni stočić, točkići, bela, 50x50 cm",3.999,Pregled: 4.7 od 5 Zvezdice. Ukupno recenzija:
https://www.ikea.com/rs/sr/p/gunde-sklopivi-sto-crna-00546897/,https://www.ikea.com/rs/sr/images/products/gunde-sklopivi-sto-crna__1300756_pe937177_s5.jpg?f=xxs,https://www.ikea.com/rs/sr/images/products/gunde-sklopivi-sto-crna__1352625_pe952212_s5.jpg?f=xxs,GUNDE,"Sklopivi sto, crna, 67x67 cm",3.499,Pregled: 4.6 od 5 Zvezdice. Ukupno recenzija:
https://www.ikea.com/rs/sr/p/moerbylanga-sto-hrastov-furnir-smede-bajcovano-50386245/,https://www.ikea.com/rs/sr/images/products/moerbylanga-sto-hrastov-furnir-smede-bajcovano__0737108_pe740890_s5.jpg?f=xxs,https://www.ikea.com/rs/sr/images/products/moerbylanga-sto-hrastov-furnir-smede-bajcovano__1209072_pe909012_s5.jpg?f=xxs,MÖRBYLÅNGA,"Sto, hrastov furnir smeđe bajcovano, 140x85 cm",71.999,Pregled: 4.7 od 5 Zvezdice. Ukupno recenzija:
https://www.ikea.com/rs/sr/p/skalsta-sto-svetla-sivobez-ukosnica-crnosiva-s09608287/,https://www.ikea.com/rs/sr/images/products/skalsta-sto-svetla-sivobez-ukosnica-crnosiva__1486609_pe1002467_s5.jpg?f=xxs,https://www.ikea.com/rs/sr/images/products/skalsta-sto-svetla-sivobez-ukosnica-crnosiva__1449025_pe989740_s5.jpg?f=xxs,SKÅLSTA,"Sto, svetla sivobež/ukosnica Crnosiva, 140x80 cm",12.999,Pregled: 5 od 5 Zvezdice. Ukupno recenzija:
https://www.ikea.com/rs/sr/p/fjaellbo-stocic-za-kafu-crna-70335486/,https://www.ikea.com/rs/sr/images/products/fjaellbo-stocic-za-kafu-crna__0475920_pe615876_s5.jpg?f=xxs,https://www.ikea.com/rs/sr/images/products/fjaellbo-stocic-za-kafu-crna__0925806_ph163283_s5.jpg?f=xxs,FJÄLLBO,"Stočić za kafu, crna, 90x46 cm",8.999,Pregled: 4.5 od 5 Zvezdice. Ukupno recenzija:
https://www.ikea.com/rs/sr/p/skalsta-sto-svetla-sivobez-pravo-svetla-sivobez-s59608336/,https://www.ikea.com/rs/sr/images/products/skalsta-sto-svetla-sivobez-pravo-svetla-sivobez__1486611_pe1002469_s5.jpg?f=xxs,https://www.ikea.com/rs/sr/images/products/skalsta-sto-svetla-sivobez-pravo-svetla-sivobez__1449022_pe989715_s5.jpg?f=xxs,SKÅLSTA,"Sto, svetla sivobež/pravo svetla sivobež, 140x80 cm",12.999,Pregled: 5 od 5 Zvezdice. Ukupno recenzija:
https://www.ikea.com/rs/sr/p/ommjaenge-sto-na-rasklapanje-borovina-bajcovano-plava-90594676/,https://www.ikea.com/rs/sr/images/products/ommjaenge-sto-na-rasklapanje-borovina-bajcovano-plava__1419731_pe977100_s5.jpg?f=xxs,https://www.ikea.com/rs/sr/images/products/ommjaenge-sto-na-rasklapanje-borovina-bajcovano-plava__1438507_pe984756_s5.jpg?f=xxs,OMMJÄNGE,"Sto na rasklapanje, borovina/bajcovano plava, 134x82 cm",23.999,Pregled: 4.2 od 5 Zvezdice. Ukupno recenzija:
https://www.ikea.com/rs/sr/p/hauga-sto-bela-brezov-furnir-90576719/,https://www.ikea.com/rs/sr/images/products/hauga-sto-bela-brezov-furnir__1350927_pe951819_s5.jpg?f=xxs,https://www.ikea.com/rs/sr/images/products/hauga-sto-bela-brezov-furnir__1375119_pe960177_s5.jpg?f=xxs,HAUGA,"Sto, bela/brezov furnir, 74x74 cm",9.999,Pregled: 4.7 od 5 Zvezdice. Ukupno recenzija:
https://www.ikea.com/rs/sr/p/skalsta-sto-im-hrastovine-x-oblik-crnosiva-s19590767/,https://www.ikea.com/rs/sr/images/products/skalsta-sto-im-hrastovine-x-oblik-crnosiva__1486618_pe1002476_s5.jpg?f=xxs,https://www.ikea.com/rs/sr/images/products/skalsta-sto-im-hrastovine-x-oblik-crnosiva__1449024_pe989716_s5.jpg?f=xxs,SKÅLSTA,"Sto, im. hrastovine/X oblik Crnosiva, 140x80 cm",14.999,Pregled: 4.8 od 5 Zvezdice. Ukupno recenzija:
https://www.ikea.com/rs/sr/p/aemmaryd-stocic-za-kafu-bela-00609125/,https://www.ikea.com/rs/sr/images/products/aemmaryd-stocic-za-kafu-bela__1447805_pe989265_s5.jpg?f=xxs,https://www.ikea.com/rs/sr/images/products/aemmaryd-stocic-za-kafu-bela__1466098_pe995226_s5.jpg?f=xxs,ÄMMARYD,"Stočić za kafu, bela, 98x59 cm",5.999,Pregled: 2.9 od 5 Zvezdice. Ukupno recenzija:
https://www.ikea.com/rs/sr/p/grimsarbo-pomocni-stocic-borova-sperploca-crna-00589090/,https://www.ikea.com/rs/sr/images/products/grimsarbo-pomocni-stocic-borova-sperploca-crna__1388880_pe965001_s5.jpg?f=xxs,https://www.ikea.com/rs/sr/images/products/grimsarbo-pomocni-stocic-borova-sperploca-crna__1411902_pe973315_s5.jpg?f=xxs,GRIMSARBO,"Pomoćni stočić, borova šperploča/crna",3.499,Pregled: 5 od 5 Zvezdice. Ukupno recenzija:
https://www.ikea.com/rs/sr/p/lisabo-sto-jasenov-furnir-40563776/,https://www.ikea.com/rs/sr/images/products/lisabo-sto-jasenov-furnir__1265110_pe927512_s5.jpg?f=xxs,https://www.ikea.com/rs/sr/images/products/lisabo-sto-jasenov-furnir__1470754_pe996931_s5.jpg?f=xxs,LISABO,"Sto, jasenov furnir, 88x78 cm",12.999,Pregled: 4.7 od 5 Zvezdice. Ukupno recenzija:
https://www.ikea.com/rs/sr/p/vittsjoe-stocic-za-kafu-crnosmeda-staklo-80213309/,https://www.ikea.com/rs/sr/images/products/vittsjoe-stocic-za-kafu-crnosmeda-staklo__0135348_pe292039_s5.jpg?f=xxs,https://www.ikea.com/rs/sr/images/products/vittsjoe-stocic-za-kafu-crnosmeda-staklo__1438187_pe984633_s5.jpg?f=xxs,VITTSJÖ,"Stočić za kafu, crnosmeđa/staklo, 75 cm",4.999,Pregled: 4.7 od 5 Zvezdice. Ukupno recenzija:
https://www.ikea.com/rs/sr/p/idanaes-stocic-za-kafu-bela-40500005/,https://www.ikea.com/rs/sr/images/products/idanaes-stocic-za-kafu-bela__1161072_pe889280_s5.jpg?f=xxs,https://www.ikea.com/rs/sr/images/products/idanaes-stocic-za-kafu-bela__1161070_pe889278_s5.jpg?f=xxs,IDANÄS,"Stočić za kafu, bela, 80x80 cm",27.999,Pregled: 4.7 od 5 Zvezdice. Ukupno recenzija:
https://www.ikea.com/rs/sr/p/vittsjoe-postolje-za-laptop-crnosmeda-staklo-00250249/,https://www.ikea.com/rs/sr/images/products/vittsjoe-postolje-za-laptop-crnosmeda-staklo__0176250_pe329143_s5.jpg?f=xxs,https://www.ikea.com/rs/sr/images/products/vittsjoe-postolje-za-laptop-crnosmeda-staklo__0855294_pe564652_s5.jpg?f=xxs,VITTSJÖ,"Postolje za laptop, crnosmeđa/staklo, 35x65 cm",2.499,Pregled: 4.6 od 5 Zvezdice. Ukupno recenzija:
https://www.ikea.com/rs/sr/p/jaettesta-pomocni-stocic-bela-svetli-bambus-60538795/,https://www.ikea.com/rs/sr/images/products/jaettesta-pomocni-stocic-bela-svetli-bambus__1154350_pe886006_s5.jpg?f=xxs,https://www.ikea.com/rs/sr/images/products/jaettesta-pomocni-stocic-bela-svetli-bambus__1191858_pe900733_s5.jpg?f=xxs,JÄTTESTA,"Pomoćni stočić, bela/svetli bambus, 95x30 cm",12.999,Pregled: 4.8 od 5 Zvezdice. Ukupno recenzija:
https://www.ikea.com/rs/sr/p/nordviken-produzivi-sto-rusticno-bajcovano-80488544/,https://www.ikea.com/rs/sr/images/products/nordviken-produzivi-sto-rusticno-bajcovano__1482451_pe1001019_s5.jpg?f=xxs,https://www.ikea.com/rs/sr/images/products/nordviken-produzivi-sto-rusticno-bajcovano__1339980_pe948485_s5.jpg?f=xxs,NORDVIKEN,"Produživi sto, rustično bajcovano, 152/223x95 cm",62.999,Pregled: 4.6 od 5 Zvezdice. Ukupno recenzija:
https://www.ikea.com/rs/sr/p/skalsta-ploca-stola-svetla-sivobez-80611662/,https://www.ikea.com/rs/sr/images/products/skalsta-ploca-stola-svetla-sivobez__1411016_pe973023_s5.jpg?f=xxs,https://www.ikea.com/rs/sr/images/products/skalsta-ploca-stola-svetla-sivobez__1449032_pe989744_s5.jpg?f=xxs,SKÅLSTA,"Ploča stola, svetla sivobež, 140x80 cm",6.999,Pregled: 4.3 od 5 Zvezdice. Ukupno recenzija:
https://www.ikea.com/rs/sr/p/olseroed-pomocni-stocic-boja-antracita-tamnosiva-40530917/,https://www.ikea.com/rs/sr/images/products/olseroed-pomocni-stocic-boja-antracita-tamnosiva__1150823_pe884681_s5.jpg?f=xxs,https://www.ikea.com/rs/sr/images/products/olseroed-pomocni-stocic-boja-antracita-tamnosiva__1157498_pe887720_s5.jpg?f=xxs,OLSERÖD,"Pomoćni stočić, boja antracita/tamnosiva, 53x50 cm",3.999,Pregled: 4 od 5 Zvezdice. Ukupno recenzija:
https://www.ikea.com/rs/sr/p/pinntorp-sto-svetlosmede-bajcovano-crveno-bajcovano-40529462/,https://www.ikea.com/rs/sr/images/products/pinntorp-sto-svetlosmede-bajcovano-crveno-bajcovano__1118107_pe872930_s5.jpg?f=xxs,https://www.ikea.com/rs/sr/images/products/pinntorp-sto-svetlosmede-bajcovano-crveno-bajcovano__1118108_pe872929_s5.jpg?f=xxs,PINNTORP,"Sto, svetlosmeđe bajcovano/crveno bajcovano, 125x75 cm",12.999,Pregled: 4.6 od 5 Zvezdice. Ukupno recenzija:
https://www.ikea.com/rs/sr/p/lisabo-sto-crna-jasenov-furnir-80382439/,https://www.ikea.com/rs/sr/images/products/lisabo-sto-crna-jasenov-furnir__0737106_pe740884_s5.jpg?f=xxs,https://www.ikea.com/rs/sr/images/products/lisabo-sto-crna-jasenov-furnir__1470753_pe996930_s5.jpg?f=xxs,LISABO,"Sto, crna/jasenov furnir, 140x78 cm",19.999,Pregled: 4.6 od 5 Zvezdice. Ukupno recenzija:
https://www.ikea.com/rs/sr/p/tanebro-pomocni-stocic-unutra-spolja-bledozuta-70605162/,https://www.ikea.com/rs/sr/images/products/tanebro-pomocni-stocic-unutra-spolja-bledozuta__1463962_pe994553_s5.jpg?f=xxs,https://www.ikea.com/rs/sr/images/products/tanebro-pomocni-stocic-unutra-spolja-bledozuta__1460902_pe994048_s5.jpg?f=xxs,TÅNEBRO,"Pomoćni stočić, unutra/spolja/bledožuta, 46 cm",2.499,Pregled: 4.7 od 5 Zvezdice. Ukupno recenzija:
https://www.ikea.com/rs/sr/p/tonstad-produzivi-sto-hrastov-furnir-10562504/,https://www.ikea.com/rs/sr/images/products/tonstad-produzivi-sto-hrastov-furnir__1467535_pe995758_s5.jpg?f=xxs,https://www.ikea.com/rs/sr/images/products/tonstad-produzivi-sto-hrastov-furnir__1444140_pe987390_s5.jpg?f=xxs,TONSTAD,"Produživi sto, hrastov furnir, 80/120x70 cm",24.999,Pregled: 4.7 od 5 Zvezdice. Ukupno recenzija:
https://www.ikea.com/rs/sr/p/vihals-produzivi-sto-bela-90569097/,https://www.ikea.com/rs/sr/images/products/vihals-produzivi-sto-bela__1370484_pe958738_s5.jpg?f=xxs,https://www.ikea.com/rs/sr/images/products/vihals-produzivi-sto-bela__1414836_pe974921_s5.jpg?f=xxs,VIHALS,"Produživi sto, bela, 84/120x74 cm",9.999,Pregled: 4.6 od 5 Zvezdice. Ukupno recenzija:
https://www.ikea.com/rs/sr/p/stockholm-stocic-za-kafu-orahov-furnir-70239710/,https://www.ikea.com/rs/sr/images/products/stockholm-stocic-za-kafu-orahov-furnir__0181245_pe332924_s5.jpg?f=xxs,https://www.ikea.com/rs/sr/images/products/stockholm-stocic-za-kafu-orahov-furnir__0212281_pe339545_s5.jpg?f=xxs,STOCKHOLM,"Stočić za kafu, orahov furnir, 180x59 cm",37.999,Pregled: 4.6 od 5 Zvezdice. Ukupno recenzija:
https://www.ikea.com/rs/sr/p/groetan-sto-borovina-smede-bajcovano-40610424/,https://www.ikea.com/rs/sr/images/products/groetan-sto-borovina-smede-bajcovano__1480033_pe1000141_s5.jpg?f=xxs,https://www.ikea.com/rs/sr/images/products/groetan-sto-borovina-smede-bajcovano__1471383_pe997199_s5.jpg?f=xxs,GRÖTÅN,"Sto, borovina/smeđe bajcovano, 105 cm",17.999,Pregled: 4 od 5 Zvezdice. Ukupno recenzija:
https://www.ikea.com/rs/sr/p/skalsta-sto-im-orahovine-x-oblik-crnosiva-s99608264/,https://www.ikea.com/rs/sr/images/products/skalsta-sto-im-orahovine-x-oblik-crnosiva__1486624_pe1002481_s5.jpg?f=xxs,https://www.ikea.com/rs/sr/images/products/skalsta-sto-im-orahovine-x-oblik-crnosiva__1449023_pe989739_s5.jpg?f=xxs,SKÅLSTA,"Sto, im. orahovine/X oblik Crnosiva, 140x80 cm",14.999,Pregled: 4.8 od 5 Zvezdice. Ukupno recenzija:
https://www.ikea.com/rs/sr/p/kvistbro-sto-za-odlaganje-crna-90480401/,https://www.ikea.com/rs/sr/images/products/kvistbro-sto-za-odlaganje-crna__0915347_pe784726_s5.jpg?f=xxs,https://www.ikea.com/rs/sr/images/products/kvistbro-sto-za-odlaganje-crna__0915348_pe784727_s5.jpg?f=xxs,KVISTBRO,"Sto za odlaganje, crna, 44 cm",3.999,Pregled: 4.7 od 5 Zvezdice. Ukupno recenzija:
https://www.ikea.com/rs/sr/p/idanaes-pomocni-stocic-bela-00496048/,https://www.ikea.com/rs/sr/images/products/idanaes-pomocni-stocic-bela__1161089_pe889273_s5.jpg?f=xxs,https://www.ikea.com/rs/sr/images/products/idanaes-pomocni-stocic-bela__1161087_pe889295_s5.jpg?f=xxs,IDANÄS,"Pomoćni stočić, bela, 46x36 cm",9.999,Pregled: 4.8 od 5 Zvezdice. Ukupno recenzija:
https://www.ikea.com/rs/sr/p/stensele-ploca-stola-boja-antracita-90412898/,https://www.ikea.com/rs/sr/images/products/stensele-ploca-stola-boja-antracita__0680032_pe719772_s5.jpg?f=xxs,,STENSELE,"Ploča stola, boja antracita, 70 cm",6.499,Pregled: 4.6 od 5 Zvezdice. Ukupno recenzija:
https://www.ikea.com/rs/sr/p/tonstad-sto-prljavobela-60599939/,https://www.ikea.com/rs/sr/images/products/tonstad-sto-prljavobela__1393508_pe966264_s5.jpg?f=xxs,https://www.ikea.com/rs/sr/images/products/tonstad-sto-prljavobela__1444196_pe987442_s5.jpg?f=xxs,TONSTAD,"Sto, prljavobela, 150x80 cm",21.999,Pregled: 5 od 5 Zvezdice. Ukupno recenzija:
https://www.ikea.com/rs/sr/p/strandtorp-produzivi-sto-smeda-80388587/,https://www.ikea.com/rs/sr/images/products/strandtorp-produzivi-sto-smeda__0926900_pe789586_s5.jpg?f=xxs,https://www.ikea.com/rs/sr/images/products/strandtorp-produzivi-sto-smeda__1340370_pe948563_s5.jpg?f=xxs,STRANDTORP,"Produživi sto, smeđa, 150/205/260x95 cm",72.999,Pregled: 4.6 od 5 Zvezdice. Ukupno recenzija:
https://www.ikea.com/rs/sr/p/loevbacken-pomocni-stocic-zagasitosmeda-80270125/,https://www.ikea.com/rs/sr/images/products/loevbacken-pomocni-stocic-zagasitosmeda__0731794_pe738454_s5.jpg?f=xxs,https://www.ikea.com/rs/sr/images/products/loevbacken-pomocni-stocic-zagasitosmeda__0836346_pe618845_s5.jpg?f=xxs,LÖVBACKEN,"Pomoćni stočić, zagasitosmeđa, 77x39 cm",7.999,Pregled: 4.7 od 5 Zvezdice. Ukupno recenzija:
https://www.ikea.com/rs/sr/p/tonstad-produzivi-sto-hrastov-furnir-40593882/,https://www.ikea.com/rs/sr/images/products/tonstad-produzivi-sto-hrastov-furnir__1467536_pe995761_s5.jpg?f=xxs,https://www.ikea.com/rs/sr/images/products/tonstad-produzivi-sto-hrastov-furnir__1444665_pe987603_s5.jpg?f=xxs,TONSTAD,"Produživi sto, hrastov furnir, 140/196x85 cm",34.999,Pregled: 4.2 od 5 Zvezdice. Ukupno recenzija:
https://www.ikea.com/rs/sr/p/skalsta-sto-svetla-sivobez-x-oblik-crnosiva-s19608263/,https://www.ikea.com/rs/sr/images/products/skalsta-sto-svetla-sivobez-x-oblik-crnosiva__1486613_pe1002471_s5.jpg?f=xxs,https://www.ikea.com/rs/sr/images/products/skalsta-sto-svetla-sivobez-x-oblik-crnosiva__1449039_pe989723_s5.jpg?f=xxs,SKÅLSTA,"Sto, svetla sivobež/X oblik Crnosiva, 140x80 cm",14.999,Pregled: 5 od 5 Zvezdice. Ukupno recenzija:
https://www.ikea.com/rs/sr/p/skalsta-noga-stola-pravo-svetla-sivobez-90611652/,https://www.ikea.com/rs/sr/images/products/skalsta-noga-stola-pravo-svetla-sivobez__1426307_pe979745_s5.jpg?f=xxs,https://www.ikea.com/rs/sr/images/products/skalsta-noga-stola-pravo-svetla-sivobez__1449045_pe989728_s5.jpg?f=xxs,SKÅLSTA,"Noga stola, pravo svetla sivobež",6.000,Pregled: 4.3 od 5 Zvezdice. Ukupno recenzija:
https://www.ikea.com/rs/sr/p/stensele-sto-boja-antracita-boja-antracita-s79288230/,https://www.ikea.com/rs/sr/images/products/stensele-sto-boja-antracita-boja-antracita__0662009_pe711689_s5.jpg?f=xxs,https://www.ikea.com/rs/sr/images/products/stensele-sto-boja-antracita-boja-antracita__1340291_pe948534_s5.jpg?f=xxs,STENSELE,"Sto, boja antracita/boja antracita, 70 cm",16.499,Pregled: 4.3 od 5 Zvezdice. Ukupno recenzija:
https://www.ikea.com/rs/sr/p/naesinge-sto-bela-70587506/,https://www.ikea.com/rs/sr/images/products/naesinge-sto-bela__1393642_pe966305_s5.jpg?f=xxs,https://www.ikea.com/rs/sr/images/products/naesinge-sto-bela__1445378_pe988178_s5.jpg?f=xxs,NÄSINGE,"Sto, bela, 130x80 cm",19.999,Pregled: 4.4 od 5 Zvezdice. Ukupno recenzija:
https://www.ikea.com/rs/sr/p/vitteryd-podesivi-stocic-za-kafu-bela-20530065/,https://www.ikea.com/rs/sr/images/products/vitteryd-podesivi-stocic-za-kafu-bela__1213700_pe911226_s5.jpg?f=xxs,https://www.ikea.com/rs/sr/images/products/vitteryd-podesivi-stocic-za-kafu-bela__1485992_pe1002250_s5.jpg?f=xxs,VITTERYD,"Podesivi stočić za kafu, bela, 97 cm",17.999,Pregled: 4.2 od 5 Zvezdice. Ukupno recenzija:
https://www.ikea.com/rs/sr/p/alhult-produzivi-sto-bez-smeda-40597922/,https://www.ikea.com/rs/sr/images/products/alhult-produzivi-sto-bez-smeda__1403277_pe969284_s5.jpg?f=xxs,https://www.ikea.com/rs/sr/images/products/alhult-produzivi-sto-bez-smeda__1447085_pe988963_s5.jpg?f=xxs,ÅLHULT,"Produživi sto, bež/smeđa, 170/220x80 cm",24.999,Pregled: 4.1 od 5 Zvezdice. Ukupno recenzija:
https://www.ikea.com/rs/sr/p/stockholm-2025-pomocni-stocic-borov-furnir-natur-90586563/,https://www.ikea.com/rs/sr/images/products/stockholm-2025-pomocni-stocic-borov-furnir-natur__1362703_pe955301_s5.jpg?f=xxs,https://www.ikea.com/rs/sr/images/products/stockholm-2025-pomocni-stocic-borov-furnir-natur__1425014_ph203042_s5.jpg?f=xxs,STOCKHOLM 2025,"Pomoćni stočić, borov furnir natur, 40 cm",7.999,Pregled: 4.6 od 5 Zvezdice. Ukupno recenzija:
https://www.ikea.com/rs/sr/p/sandared-tabure-siva-00385309/,https://www.ikea.com/rs/sr/images/products/sandared-tabure-siva__0561032_pe662663_s5.jpg?f=xxs,https://www.ikea.com/rs/sr/images/products/sandared-tabure-siva__0934618_ph159223_s5.jpg?f=xxs,SANDARED,"Tabure, siva, 56 cm",9.999,Pregled: 4.3 od 5 Zvezdice. Ukupno recenzija:
https://www.ikea.com/rs/sr/p/danderyd-sto-na-rasklapanje-hrastov-furnir-bela-10516121/,https://www.ikea.com/rs/sr/images/products/danderyd-sto-na-rasklapanje-hrastov-furnir-bela__1054451_pe847703_s5.jpg?f=xxs,https://www.ikea.com/rs/sr/images/products/danderyd-sto-na-rasklapanje-hrastov-furnir-bela__1357414_pe953565_s5.jpg?f=xxs,DANDERYD,"Sto na rasklapanje, hrastov furnir/bela, 74/134x80 cm",24.999,Pregled: 4.6 od 5 Zvezdice. Ukupno recenzija:
https://www.ikea.com/rs/sr/p/vittsjoe-set-stocica-2-kom-crnosmeda-staklo-80215332/,https://www.ikea.com/rs/sr/images/products/vittsjoe-set-stocica-2-kom-crnosmeda-staklo__1419821_pe977132_s5.jpg?f=xxs,https://www.ikea.com/rs/sr/images/products/vittsjoe-set-stocica-2-kom-crnosmeda-staklo__1438193_pe984637_s5.jpg?f=xxs,VITTSJÖ,"Set stočića, 2 kom., crnosmeđa/staklo, 90x50 cm",5.999,Pregled: 4.6 od 5 Zvezdice. Ukupno recenzija:
https://www.ikea.com/rs/sr/p/skalsta-noga-stola-ukosnica-crnosiva-30611848/,https://www.ikea.com/rs/sr/images/products/skalsta-noga-stola-ukosnica-crnosiva__1426304_pe979743_s5.jpg?f=xxs,https://www.ikea.com/rs/sr/images/products/skalsta-noga-stola-ukosnica-crnosiva__1449025_pe989740_s5.jpg?f=xxs,SKÅLSTA,"Noga stola, ukosnica Crnosiva",6.000,
https://www.ikea.com/rs/sr/p/hol-sto-za-odlaganje-bagrem-50161321/,https://www.ikea.com/rs/sr/images/products/hol-sto-za-odlaganje-bagrem__0104310_pe251255_s5.jpg?f=xxs,https://www.ikea.com/rs/sr/images/products/hol-sto-za-odlaganje-bagrem__0835868_pe601402_s5.jpg?f=xxs,HOL,"Sto za odlaganje, bagrem, 98x50 cm",8.999,Pregled: 4.8 od 5 Zvezdice. Ukupno recenzija:
https://www.ikea.com/rs/sr/p/naesinge-sto-na-preklop-s-odlaganjem-bela-20587537/,https://www.ikea.com/rs/sr/images/products/naesinge-sto-na-preklop-s-odlaganjem-bela__1393634_pe966297_s5.jpg?f=xxs,https://www.ikea.com/rs/sr/images/products/naesinge-sto-na-preklop-s-odlaganjem-bela__1445406_pe988197_s5.jpg?f=xxs,NÄSINGE,"Sto na preklop s odlaganjem, bela, 48/104/159x85 cm",22.999,Pregled: 4.7 od 5 Zvezdice. Ukupno recenzija:
https://www.ikea.com/rs/sr/p/jakobsfors-stocic-za-kafu-tamnosmeda-bajcovani-hrastov-furnir-50515167/,https://www.ikea.com/rs/sr/images/products/jakobsfors-stocic-za-kafu-tamnosmeda-bajcovani-hrastov-furnir__1108164_pe869323_s5.jpg?f=xxs,https://www.ikea.com/rs/sr/images/products/jakobsfors-stocic-za-kafu-tamnosmeda-bajcovani-hrastov-furnir__1108167_pe869324_s5.jpg?f=xxs,JAKOBSFORS,"Stočić za kafu, tamnosmeđa bajcovani hrastov furnir, 80 cm",12.999,Pregled: 4.5 od 5 Zvezdice. Ukupno recenzija:
https://www.ikea.com/rs/sr/p/voxloev-trpezarijski-sto-svetli-bambus-40434322/,https://www.ikea.com/rs/sr/images/products/voxloev-trpezarijski-sto-svetli-bambus__0997396_pe822660_s5.jpg?f=xxs,https://www.ikea.com/rs/sr/images/products/voxloev-trpezarijski-sto-svetli-bambus__0997397_pe822659_s5.jpg?f=xxs,VOXLÖV,"Trpezarijski sto, svetli bambus, 180x90 cm",34.999,Pregled: 4.8 od 5 Zvezdice. Ukupno recenzija:
https://www.ikea.com/rs/sr/p/naesinge-produzivi-sto-bela-00587492/,https://www.ikea.com/rs/sr/images/products/naesinge-produzivi-sto-bela__1393644_pe966301_s5.jpg?f=xxs,https://www.ikea.com/rs/sr/images/products/naesinge-produzivi-sto-bela__1445369_pe988172_s5.jpg?f=xxs,NÄSINGE,"Produživi sto, bela, 130/190x80 cm",24.999,Pregled: 4 od 5 Zvezdice. Ukupno recenzija:
https://www.ikea.com/rs/sr/p/tarsele-produzivi-sto-hrastov-furnir-crna-70581359/,https://www.ikea.com/rs/sr/images/products/tarsele-produzivi-sto-hrastov-furnir-crna__0916857_pe785431_s5.jpg?f=xxs,https://www.ikea.com/rs/sr/images/products/tarsele-produzivi-sto-hrastov-furnir-crna__0944977_pe797515_s5.jpg?f=xxs,TARSELE,"Produživi sto, hrastov furnir/crna, 150/200x80 cm",59.999,Pregled: 4.6 od 5 Zvezdice. Ukupno recenzija:
https://www.ikea.com/rs/sr/p/froetorp-stocic-za-kafu-bela-hromirano-bela-staklo-70622091/,https://www.ikea.com/rs/sr/images/products/froetorp-stocic-za-kafu-bela-hromirano-bela-staklo__1477099_pe999112_s5.jpg?f=xxs,,FRÖTORP,"Stočić za kafu, bela hromirano/bela staklo, 88 cm",17.999,Pregled: 4.7 od 5 Zvezdice. Ukupno recenzija:
https://www.ikea.com/rs/sr/p/holmerud-pomocni-stocic-im-hrastovine-40541421/,https://www.ikea.com/rs/sr/images/products/holmerud-pomocni-stocic-im-hrastovine__1193662_pe901564_s5.jpg?f=xxs,https://www.ikea.com/rs/sr/images/products/holmerud-pomocni-stocic-im-hrastovine__1246979_pe922426_s5.jpg?f=xxs,HOLMERUD,"Pomoćni stočić, im. hrastovine, 80x31 cm",5.999,Pregled: 4.7 od 5 Zvezdice. Ukupno recenzija:
https://www.ikea.com/rs/sr/p/torsjoe-stocic-za-kafu-imitacija-zlata-staklo-50590406/,https://www.ikea.com/rs/sr/images/products/torsjoe-stocic-za-kafu-imitacija-zlata-staklo__1362929_pe955365_s5.jpg?f=xxs,https://www.ikea.com/rs/sr/images/products/torsjoe-stocic-za-kafu-imitacija-zlata-staklo__1362928_pe955366_s5.jpg?f=xxs,TORSJÖ,"Stočić za kafu, imitacija zlata/staklo, 88 cm",12.999,Pregled: 4.9 od 5 Zvezdice. Ukupno recenzija:
https://www.ikea.com/rs/sr/p/skansnaes-produzivi-sto-svetla-bukovina-furnir-00565763/,https://www.ikea.com/rs/sr/images/products/skansnaes-produzivi-sto-svetla-bukovina-furnir__1262382_pe927050_s5.jpg?f=xxs,https://www.ikea.com/rs/sr/images/products/skansnaes-produzivi-sto-svetla-bukovina-furnir__1341128_pe948648_s5.jpg?f=xxs,SKANSNÄS,"Produživi sto, svetla bukovina/furnir, 150/205x90 cm",59.999,Pregled: 4.5 od 5 Zvezdice. Ukupno recenzija:
https://www.ikea.com/rs/sr/p/skalsta-noga-stola-x-oblik-crnosiva-10611651/,https://www.ikea.com/rs/sr/images/products/skalsta-noga-stola-x-oblik-crnosiva__1426311_pe979749_s5.jpg?f=xxs,https://www.ikea.com/rs/sr/images/products/skalsta-noga-stola-x-oblik-crnosiva__1449023_pe989739_s5.jpg?f=xxs,SKÅLSTA,"Noga stola, X oblik Crnosiva",8.000,
https://www.ikea.com/rs/sr/p/vihals-nocni-stocic-bela-80488737/,https://www.ikea.com/rs/sr/images/products/vihals-nocni-stocic-bela__1038845_pe839899_s5.jpg?f=xxs,https://www.ikea.com/rs/sr/images/products/vihals-nocni-stocic-bela__1051537_pe845589_s5.jpg?f=xxs,VIHALS,"Noćni stočić, bela, 37x37 cm",3.999,Pregled: 4.6 od 5 Zvezdice. Ukupno recenzija:
https://www.ikea.com/rs/sr/p/setskog-nocni-stocic-crna-70338041/,https://www.ikea.com/rs/sr/images/products/setskog-nocni-stocic-crna__0624431_pe691838_s5.jpg?f=xxs,https://www.ikea.com/rs/sr/images/products/setskog-nocni-stocic-crna__0858406_pe646880_s5.jpg?f=xxs,SETSKOG,"Noćni stočić, crna, 45x35 cm",4.499,Pregled: 4.6 od 5 Zvezdice. Ukupno recenzija:
https://www.ikea.com/rs/sr/p/skalsta-sto-tamnosiva-zelena-im-mermera-x-oblik-crnosiva-s39590766/,https://www.ikea.com/rs/sr/images/products/skalsta-sto-tamnosiva-zelena-im-mermera-x-oblik-crnosiva__1440356_pe985709_s5.jpg?f=xxs,https://www.ikea.com/rs/sr/images/products/skalsta-sto-tamnosiva-zelena-im-mermera-x-oblik-crnosiva__1517013_pe1012072_s5.jpg?f=xxs,SKÅLSTA,"Sto, tamnosiva-zelena im. mermera/X oblik Crnosiva, 140x80 cm",14.999,Pregled: 5 od 5 Zvezdice. Ukupno recenzija:
https://www.ikea.com/rs/sr/p/danderyd-trpezarijski-sto-bela-40568726/,https://www.ikea.com/rs/sr/images/products/danderyd-trpezarijski-sto-bela__1198595_pe904135_s5.jpg?f=xxs,https://www.ikea.com/rs/sr/images/products/danderyd-trpezarijski-sto-bela__1198594_pe904134_s5.jpg?f=xxs,DANDERYD,"Trpezarijski sto, bela, 130x80 cm",17.999,Pregled: 4.5 od 5 Zvezdice. Ukupno recenzija:
https://www.ikea.com/rs/sr/p/rosentorp-produzivi-sto-crna-80589901/,https://www.ikea.com/rs/sr/images/products/rosentorp-produzivi-sto-crna__1434530_pe983582_s5.jpg?f=xxs,https://www.ikea.com/rs/sr/images/products/rosentorp-produzivi-sto-crna__1448102_pe989488_s5.jpg?f=xxs,ROSENTORP,"Produživi sto, crna, 155/215x87 cm",39.999,Pregled: 4.5 od 5 Zvezdice. Ukupno recenzija:
https://www.ikea.com/rs/sr/p/idanaes-stocic-za-kafu-bela-20487873/,https://www.ikea.com/rs/sr/images/products/idanaes-stocic-za-kafu-bela__1161069_pe889277_s5.jpg?f=xxs,https://www.ikea.com/rs/sr/images/products/idanaes-stocic-za-kafu-bela__1161067_pe889275_s5.jpg?f=xxs,IDANÄS,"Stočić za kafu, bela, 107x55 cm",27.999,Pregled: 4.7 od 5 Zvezdice. Ukupno recenzija:
https://www.ikea.com/rs/sr/p/stockholm-2025-sto-hrastov-furnir-hrastov-furnir-s79579984/,https://www.ikea.com/rs/sr/images/products/stockholm-2025-sto-hrastov-furnir-hrastov-furnir__1373060_pe959872_s5.jpg?f=xxs,https://www.ikea.com/rs/sr/images/products/stockholm-2025-sto-hrastov-furnir-hrastov-furnir__1425181_ph203262_s5.jpg?f=xxs,STOCKHOLM 2025,"Sto, hrastov furnir/hrastov furnir, 230x90 cm",69.999,Pregled: 4.8 od 5 Zvezdice. Ukupno recenzija:
https://www.ikea.com/rs/sr/p/froetorp-stoc-za-kafu-pomocni-stoc-2-kom-bela-hromirano-bela-staklo-s89618188/,https://www.ikea.com/rs/sr/images/products/froetorp-stoc-za-kafu-pomocni-stoc-2-kom-bela-hromirano-bela-staklo__1477097_pe999111_s5.jpg?f=xxs,,FRÖTORP,"Stoč. za kafu/pomoćni stoč. 2 kom., bela hromirano/bela staklo",27.998,Pregled: 5 od 5 Zvezdice. Ukupno recenzija:
https://www.ikea.com/rs/sr/p/nackanaes-sto-bagrem-40511056/,https://www.ikea.com/rs/sr/images/products/nackanaes-sto-bagrem__1106462_pe868734_s5.jpg?f=xxs,https://www.ikea.com/rs/sr/images/products/nackanaes-sto-bagrem__1127601_pe879142_s5.jpg?f=xxs,NACKANÄS,"Sto, bagrem, 140x76 cm",24.999,Pregled: 4.6 od 5 Zvezdice. Ukupno recenzija:
https://www.ikea.com/rs/sr/p/skogsta-sto-bagrem-crna-00452643/,https://www.ikea.com/rs/sr/images/products/skogsta-sto-bagrem-crna__1499852_pe1006831_s5.jpg?f=xxs,https://www.ikea.com/rs/sr/images/products/skogsta-sto-bagrem-crna__1469329_pe996485_s5.jpg?f=xxs,SKOGSTA,"Sto, bagrem/crna, 160x81x74 cm",34.999,Pregled: 4.8 od 5 Zvezdice. Ukupno recenzija:
https://www.ikea.com/rs/sr/p/skalsta-sto-im-hrastovine-ukosnica-crnosiva-s89608288/,https://www.ikea.com/rs/sr/images/products/skalsta-sto-im-hrastovine-ukosnica-crnosiva__1486614_pe1002472_s5.jpg?f=xxs,https://www.ikea.com/rs/sr/images/products/skalsta-sto-im-hrastovine-ukosnica-crnosiva__1449036_pe989746_s5.jpg?f=xxs,SKÅLSTA,"Sto, im. hrastovine/ukosnica Crnosiva, 140x80 cm",12.999,Pregled: 4.8 od 5 Zvezdice. Ukupno recenzija:
https://www.ikea.com/rs/sr/p/stockholm-2025-stocic-za-kafu-hrastov-furnir-staklo-20586552/,https://www.ikea.com/rs/sr/images/products/stockholm-2025-stocic-za-kafu-hrastov-furnir-staklo__1362696_pe955296_s5.jpg?f=xxs,https://www.ikea.com/rs/sr/images/products/stockholm-2025-stocic-za-kafu-hrastov-furnir-staklo__1424982_ph203250_s5.jpg?f=xxs,STOCKHOLM 2025,"Stočić za kafu, hrastov furnir staklo",24.999,Pregled: 4.3 od 5 Zvezdice. Ukupno recenzija:
https://www.ikea.com/rs/sr/p/skalsta-sto-im-orahovine-ukosnica-crnosiva-s69608289/,https://www.ikea.com/rs/sr/images/products/skalsta-sto-im-orahovine-ukosnica-crnosiva__1486619_pe1002477_s5.jpg?f=xxs,https://www.ikea.com/rs/sr/images/products/skalsta-sto-im-orahovine-ukosnica-crnosiva__1449038_pe989747_s5.jpg?f=xxs,SKÅLSTA,"Sto, im. orahovine/ukosnica Crnosiva, 140x80 cm",12.999,Pregled: 4.8 od 5 Zvezdice. Ukupno recenzija:
https://www.ikea.com/rs/sr/p/baggboda-pomocni-stocic-svetlozuta-20555089/,https://www.ikea.com/rs/sr/images/products/baggboda-pomocni-stocic-svetlozuta__1265556_pe927742_s5.jpg?f=xxs,https://www.ikea.com/rs/sr/images/products/baggboda-pomocni-stocic-svetlozuta__1272579_ph195682_s5.jpg?f=xxs,BAGGBODA,"Pomoćni stočić, svetložuta, 71x50 cm",8.499,Pregled: 4.5 od 5 Zvezdice. Ukupno recenzija:
https://www.ikea.com/rs/sr/p/aesperoed-pomocni-stocic-crna-staklo-crna-10462180/,https://www.ikea.com/rs/sr/images/products/aesperoed-pomocni-stocic-crna-staklo-crna__0816819_pe773696_s5.jpg?f=xxs,https://www.ikea.com/rs/sr/images/products/aesperoed-pomocni-stocic-crna-staklo-crna__1236931_pe917775_s5.jpg?f=xxs,ÄSPERÖD,"Pomoćni stočić, crna/staklo crna, 45 cm",7.999,Pregled: 4.6 od 5 Zvezdice. Ukupno recenzija:
https://www.ikea.com/rs/sr/p/hakanskaer-stocic-za-kafu-napolju-svetlosmede-bajcovano-70597162/,https://www.ikea.com/rs/sr/images/products/hakanskaer-stocic-za-kafu-napolju-svetlosmede-bajcovano__1453921_pe991428_s5.jpg?f=xxs,https://www.ikea.com/rs/sr/images/products/hakanskaer-stocic-za-kafu-napolju-svetlosmede-bajcovano__1503648_pe1007935_s5.jpg?f=xxs,HÅKANSKÄR,"Stočić za kafu, napolju/svetlosmeđe bajcovano, 80x64 cm",9.999,Pregled: 5 od 5 Zvezdice. Ukupno recenzija:
https://www.ikea.com/rs/sr/p/gladom-posluzavnik-stocic-bela-70337819/,https://www.ikea.com/rs/sr/images/products/gladom-posluzavnik-stocic-bela__0470732_pe612912_s5.jpg?f=xxs,https://www.ikea.com/rs/sr/images/products/gladom-posluzavnik-stocic-bela__0836821_pe709866_s5.jpg?f=xxs,GLADOM,"Poslužavnik-stočić, bela, 45x53 cm",1.999,Pregled: 4.7 od 5 Zvezdice. Ukupno recenzija:
https://www.ikea.com/rs/sr/p/tranered-pomocni-stocic-crna-30609001/,https://www.ikea.com/rs/sr/images/products/tranered-pomocni-stocic-crna__1478960_pe999903_s5.jpg?f=xxs,https://www.ikea.com/rs/sr/images/products/tranered-pomocni-stocic-crna__1497536_pe1006044_s5.jpg?f=xxs,TRANERED,"Pomoćni stočić, crna",9.999,
https://www.ikea.com/rs/sr/p/nordviken-produzivi-sto-bela-40368713/,https://www.ikea.com/rs/sr/images/products/nordviken-produzivi-sto-bela__0714242_pe729980_s5.jpg?f=xxs,https://www.ikea.com/rs/sr/images/products/nordviken-produzivi-sto-bela__0747585_pe744605_s5.jpg?f=xxs,NORDVIKEN,"Produživi sto, bela, 210/289x105 cm",74.999,Pregled: 4.6 od 5 Zvezdice. Ukupno recenzija:
https://www.ikea.com/rs/sr/p/guttane-stocic-za-kafu-hrastovina-10587712/,https://www.ikea.com/rs/sr/images/products/guttane-stocic-za-kafu-hrastovina__1369155_pe958055_s5.jpg?f=xxs,https://www.ikea.com/rs/sr/images/products/guttane-stocic-za-kafu-hrastovina__1392298_ph201020_s5.jpg?f=xxs,GUTTANE,"Stočić za kafu, hrastovina, 116x39 cm",17.999,Pregled: 3.8 od 5 Zvezdice. Ukupno recenzija:
https://www.ikea.com/rs/sr/p/tonstad-stocic-za-kafu-hrastov-furnir-10489311/,https://www.ikea.com/rs/sr/images/products/tonstad-stocic-za-kafu-hrastov-furnir__1319540_pe940959_s5.jpg?f=xxs,https://www.ikea.com/rs/sr/images/products/tonstad-stocic-za-kafu-hrastov-furnir__1362480_pe955243_s5.jpg?f=xxs,TONSTAD,"Stočić za kafu, hrastov furnir, 84x82 cm",17.999,Pregled: 4.4 od 5 Zvezdice. Ukupno recenzija:
https://www.ikea.com/rs/sr/p/skalsta-sto-im-hrastovine-pravo-svetla-sivobez-s39608337/,https://www.ikea.com/rs/sr/images/products/skalsta-sto-im-hrastovine-pravo-svetla-sivobez__1486616_pe1002474_s5.jpg?f=xxs,https://www.ikea.com/rs/sr/images/products/skalsta-sto-im-hrastovine-pravo-svetla-sivobez__1449045_pe989728_s5.jpg?f=xxs,SKÅLSTA,"Sto, im. hrastovine/pravo svetla sivobež, 140x80 cm",12.999,Pregled: 4.8 od 5 Zvezdice. Ukupno recenzija:
https://www.ikea.com/rs/sr/p/stockholm-2025-sto-hrastov-furnir-hrastov-furnir-s49579985/,https://www.ikea.com/rs/sr/images/products/stockholm-2025-sto-hrastov-furnir-hrastov-furnir__1373056_pe959868_s5.jpg?f=xxs,https://www.ikea.com/rs/sr/images/products/stockholm-2025-sto-hrastov-furnir-hrastov-furnir__1425175_ph203096_s5.jpg?f=xxs,STOCKHOLM 2025,"Sto, hrastov furnir/hrastov furnir, 115 cm",49.999,Pregled: 4.5 od 5 Zvezdice. Ukupno recenzija:
https://www.ikea.com/rs/sr/p/oestavall-podesivi-stocic-za-kafu-crna-40534152/,https://www.ikea.com/rs/sr/images/products/oestavall-podesivi-stocic-za-kafu-crna__1213707_pe911231_s5.jpg?f=xxs,https://www.ikea.com/rs/sr/images/products/oestavall-podesivi-stocic-za-kafu-crna__1486001_pe1002252_s5.jpg?f=xxs,ÖSTAVALL,"Podesivi stočić za kafu, crna, 90 cm",14.999,Pregled: 4.2 od 5 Zvezdice. Ukupno recenzija:
https://www.ikea.com/rs/sr/p/lisabo-stocic-za-kafu-jasenov-furnir-70297658/,https://www.ikea.com/rs/sr/images/products/lisabo-stocic-za-kafu-jasenov-furnir__0735609_pe740032_s5.jpg?f=xxs,https://www.ikea.com/rs/sr/images/products/lisabo-stocic-za-kafu-jasenov-furnir__0835588_pe601380_s5.jpg?f=xxs,LISABO,"Stočić za kafu, jasenov furnir, 118x50 cm",15.999,Pregled: 4.6 od 5 Zvezdice. Ukupno recenzija:
https://www.ikea.com/rs/sr/p/listerby-stocic-za-kafu-hrastov-furnir-30513904/,https://www.ikea.com/rs/sr/images/products/listerby-stocic-za-kafu-hrastov-furnir__1022534_pe832792_s5.jpg?f=xxs,https://www.ikea.com/rs/sr/images/products/listerby-stocic-za-kafu-hrastov-furnir__1022535_pe832807_s5.jpg?f=xxs,LISTERBY,"Stočić za kafu, hrastov furnir, 140x60 cm",22.999,Pregled: 4.2 od 5 Zvezdice. Ukupno recenzija:
https://www.ikea.com/rs/sr/p/tonstad-pomocni-stocic-hrastov-furnir-80528470/,https://www.ikea.com/rs/sr/images/products/tonstad-pomocni-stocic-hrastov-furnir__1319543_pe940960_s5.jpg?f=xxs,https://www.ikea.com/rs/sr/images/products/tonstad-pomocni-stocic-hrastov-furnir__1362492_pe955241_s5.jpg?f=xxs,TONSTAD,"Pomoćni stočić, hrastov furnir, 64x40 cm",14.999,Pregled: 4.4 od 5 Zvezdice. Ukupno recenzija:
https://www.ikea.com/rs/sr/p/hauga-sto-siva-brezov-furnir-50576716/,https://www.ikea.com/rs/sr/images/products/hauga-sto-siva-brezov-furnir__1350923_pe951815_s5.jpg?f=xxs,https://www.ikea.com/rs/sr/images/products/hauga-sto-siva-brezov-furnir__1375117_pe960176_s5.jpg?f=xxs,HAUGA,"Sto, siva/brezov furnir, 118x74 cm",12.999,Pregled: 4.7 od 5 Zvezdice. Ukupno recenzija:
https://www.ikea.com/rs/sr/p/lisabo-pomocni-stocic-jasenov-furnir-10297656/,https://www.ikea.com/rs/sr/images/products/lisabo-pomocni-stocic-jasenov-furnir__0735730_pe740135_s5.jpg?f=xxs,https://www.ikea.com/rs/sr/images/products/lisabo-pomocni-stocic-jasenov-furnir__0837195_pe601413_s5.jpg?f=xxs,LISABO,"Pomoćni stočić, jasenov furnir, 45x45 cm",9.999,Pregled: 4.9 od 5 Zvezdice. Ukupno recenzija:
https://www.ikea.com/rs/sr/p/skalsta-sto-tamnosiva-zelena-im-mermera-ukosnica-crnosiva-s29608286/,https://www.ikea.com/rs/sr/images/products/skalsta-sto-tamnosiva-zelena-im-mermera-ukosnica-crnosiva__1486605_pe1002463_s5.jpg?f=xxs,https://www.ikea.com/rs/sr/images/products/skalsta-sto-tamnosiva-zelena-im-mermera-ukosnica-crnosiva__1449052_pe989733_s5.jpg?f=xxs,SKÅLSTA,"Sto, tamnosiva-zelena im. mermera/ukosnica Crnosiva, 140x80 cm",12.999,Pregled: 5 od 5 Zvezdice. Ukupno recenzija:
https://www.ikea.com/rs/sr/p/kragsta-set-stocica-2-kom-crna-00299825/,https://www.ikea.com/rs/sr/images/products/kragsta-set-stocica-2-kom-crna__0313789_pe517045_s5.jpg?f=xxs,https://www.ikea.com/rs/sr/images/products/kragsta-set-stocica-2-kom-crna__0836677_pe603108_s5.jpg?f=xxs,KRAGSTA,"Set stočića, 2 kom., crna",13.999,Pregled: 4.7 od 5 Zvezdice. Ukupno recenzija:
https://www.ikea.com/rs/sr/p/livelycke-posluzavnik-stocic-crna-90564009/,https://www.ikea.com/rs/sr/images/products/livelycke-posluzavnik-stocic-crna__1211172_pe909989_s5.jpg?f=xxs,https://www.ikea.com/rs/sr/images/products/livelycke-posluzavnik-stocic-crna__1211171_pe909991_s5.jpg?f=xxs,LIVELYCKE,"Poslužavnik-stočić, crna, 50 cm",3.699,Pregled: 4.6 od 5 Zvezdice. Ukupno recenzija:
https://www.ikea.com/rs/sr/p/stockholm-2025-stocic-za-kafu-hrastov-furnir-tamnosmeda-50586555/,https://www.ikea.com/rs/sr/images/products/stockholm-2025-stocic-za-kafu-hrastov-furnir-tamnosmeda__1362695_pe955295_s5.jpg?f=xxs,https://www.ikea.com/rs/sr/images/products/stockholm-2025-stocic-za-kafu-hrastov-furnir-tamnosmeda__1424959_ph203297_s5.jpg?f=xxs,STOCKHOLM 2025,"Stočić za kafu, hrastov furnir tamnosmeđa",19.999,Pregled: 3.9 od 5 Zvezdice. Ukupno recenzija:
https://www.ikea.com/rs/sr/p/holmerud-stocic-za-kafu-im-hrastovine-90540706/,https://www.ikea.com/rs/sr/images/products/holmerud-stocic-za-kafu-im-hrastovine__1193663_pe901563_s5.jpg?f=xxs,https://www.ikea.com/rs/sr/images/products/holmerud-stocic-za-kafu-im-hrastovine__1194685_pe902054_s5.jpg?f=xxs,HOLMERUD,"Stočić za kafu, im. hrastovine, 90x55 cm",6.999,Pregled: 4.6 od 5 Zvezdice. Ukupno recenzija:
https://www.ikea.com/rs/sr/p/eket-kombinacija-ormarica-s-nogarima-bela-belo-b-im-hrastovine-s19286413/,https://www.ikea.com/rs/sr/images/products/eket-kombinacija-ormarica-s-nogarima-bela-belo-b-im-hrastovine__0709217_pe726884_s5.jpg?f=xxs,https://www.ikea.com/rs/sr/images/products/eket-kombinacija-ormarica-s-nogarima-bela-belo-b-im-hrastovine__0716563_pe730917_s5.jpg?f=xxs,EKET,"Kombinacija ormarića s nogarima, bela/belo b. im. hrastovine, 35x35x80 cm",7.200,Pregled: 3.6 od 5 Zvezdice. Ukupno recenzija:
https://www.ikea.com/rs/sr/p/guttane-pomocni-stocic-hrastovina-80587718/,https://www.ikea.com/rs/sr/images/products/guttane-pomocni-stocic-hrastovina__1369163_pe958056_s5.jpg?f=xxs,https://www.ikea.com/rs/sr/images/products/guttane-pomocni-stocic-hrastovina__1392303_ph201018_s5.jpg?f=xxs,GUTTANE,"Pomoćni stočić, hrastovina, 58x39 cm",12.999,Pregled: 5 od 5 Zvezdice. Ukupno recenzija:
https://www.ikea.com/rs/sr/p/stockholm-2025-stocic-za-kafu-borovina-natur-50594763/,https://www.ikea.com/rs/sr/images/products/stockholm-2025-stocic-za-kafu-borovina-natur__1362698_pe955297_s5.jpg?f=xxs,https://www.ikea.com/rs/sr/images/products/stockholm-2025-stocic-za-kafu-borovina-natur__1430455_ph203038_s5.jpg?f=xxs,STOCKHOLM 2025,"Stočić za kafu, borovina/natur, 160x45 cm",19.999,Pregled: 4.5 od 5 Zvezdice. Ukupno recenzija:
https://www.ikea.com/rs/sr/p/stockholm-2025-pomocni-stocic-borov-furnir-crna-30586561/,https://www.ikea.com/rs/sr/images/products/stockholm-2025-pomocni-stocic-borov-furnir-crna__1362702_pe955300_s5.jpg?f=xxs,https://www.ikea.com/rs/sr/images/products/stockholm-2025-pomocni-stocic-borov-furnir-crna__1425008_ph203046_s5.jpg?f=xxs,STOCKHOLM 2025,"Pomoćni stočić, borov furnir crna, 40 cm",7.999,Pregled: 4.4 od 5 Zvezdice. Ukupno recenzija:
https://www.ikea.com/rs/sr/p/mabaersskaer-stocic-za-kafu-napolju-u-zatvorenom-bela-30597164/,https://www.ikea.com/rs/sr/images/products/mabaersskaer-stocic-za-kafu-napolju-u-zatvorenom-bela__1453922_pe991429_s5.jpg?f=xxs,https://www.ikea.com/rs/sr/images/products/mabaersskaer-stocic-za-kafu-napolju-u-zatvorenom-bela__1475439_pe998557_s5.jpg?f=xxs,MÅBÄRSSKÄR,"Stočić za kafu, napolju u zatvorenom/bela, 61x41 cm",3.499,Pregled: 5 od 5 Zvezdice. Ukupno recenzija:
https://www.ikea.com/rs/sr/p/jaettesta-stocic-za-kafu-bela-svetli-bambus-30538792/,https://www.ikea.com/rs/sr/images/products/jaettesta-stocic-za-kafu-bela-svetli-bambus__1154961_pe886379_s5.jpg?f=xxs,https://www.ikea.com/rs/sr/images/products/jaettesta-stocic-za-kafu-bela-svetli-bambus__1191861_pe900737_s5.jpg?f=xxs,JÄTTESTA,"Stočić za kafu, bela/svetli bambus, 80x80 cm",15.999,Pregled: 4.4 od 5 Zvezdice. Ukupno recenzija:
https://www.ikea.com/rs/sr/p/hol-pomocni-stocic-bagrem-70161320/,https://www.ikea.com/rs/sr/images/products/hol-pomocni-stocic-bagrem__0108769_pe258448_s5.jpg?f=xxs,https://www.ikea.com/rs/sr/images/products/hol-pomocni-stocic-bagrem__0836247_pe601416_s5.jpg?f=xxs,HOL,"Pomoćni stočić, bagrem, 50x50 cm",5.999,Pregled: 4.7 od 5 Zvezdice. Ukupno recenzija:
https://www.ikea.com/rs/sr/p/gamlehult-stolicica-s-odlaganjem-ratan-boja-antracita-10434309/,https://www.ikea.com/rs/sr/images/products/gamlehult-stolicica-s-odlaganjem-ratan-boja-antracita__0672903_pe716940_s5.jpg?f=xxs,https://www.ikea.com/rs/sr/images/products/gamlehult-stolicica-s-odlaganjem-ratan-boja-antracita__0842809_pe719505_s5.jpg?f=xxs,GAMLEHULT,"Stoličica s odlaganjem, ratan/boja antracita",10.999,Pregled: 4.7 od 5 Zvezdice. Ukupno recenzija:
https://www.ikea.com/rs/sr/p/gillersberg-nocni-stocic-bambus-bela-30608983/,https://www.ikea.com/rs/sr/images/products/gillersberg-nocni-stocic-bambus-bela__1481576_pe1000558_s5.jpg?f=xxs,https://www.ikea.com/rs/sr/images/products/gillersberg-nocni-stocic-bambus-bela__1481451_pe1000535_s5.jpg?f=xxs,GILLERSBERG,"Noćni stočić, bambus/bela, 39x39x56 cm",3.499,Pregled: 4.7 od 5 Zvezdice. Ukupno recenzija:
https://www.ikea.com/rs/sr/p/nissafors-kolica-crna-20399777/,https://www.ikea.com/rs/sr/images/products/nissafors-kolica-crna__0672522_pe716744_s5.jpg?f=xxs,https://www.ikea.com/rs/sr/images/products/nissafors-kolica-crna__1134481_pe878795_s5.jpg?f=xxs,NISSAFORS,"Kolica, crna, 50.5x30x83 cm",3.999,Pregled: 4.6 od 5 Zvezdice. Ukupno recenzija:
https://www.ikea.com/rs/sr/p/stockholm-2025-pomocni-stocic-hrastov-furnir-tamnosmeda-90586558/,https://www.ikea.com/rs/sr/images/products/stockholm-2025-pomocni-stocic-hrastov-furnir-tamnosmeda__1362700_pe955299_s5.jpg?f=xxs,https://www.ikea.com/rs/sr/images/products/stockholm-2025-pomocni-stocic-hrastov-furnir-tamnosmeda__1426099_ph203037_s5.jpg?f=xxs,STOCKHOLM 2025,"Pomoćni stočić, hrastov furnir tamnosmeđa, 55 cm",12.999,Pregled: 4.8 od 5 Zvezdice. Ukupno recenzija:
https://www.ikea.com/rs/sr/p/tonstad-sto-hrastov-furnir-80593880/,https://www.ikea.com/rs/sr/images/products/tonstad-sto-hrastov-furnir__1467537_pe995760_s5.jpg?f=xxs,https://www.ikea.com/rs/sr/images/products/tonstad-sto-hrastov-furnir__1444426_pe987516_s5.jpg?f=xxs,TONSTAD,"Sto, hrastov furnir, 200x85 cm",39.999,Pregled: 4.3 od 5 Zvezdice. Ukupno recenzija:
https://www.ikea.com/rs/sr/p/sandared-tabure-tamnoplava-50363970/,https://www.ikea.com/rs/sr/images/products/sandared-tabure-tamnoplava__0561062_pe662672_s5.jpg?f=xxs,https://www.ikea.com/rs/sr/images/products/sandared-tabure-tamnoplava__0842767_pe662674_s5.jpg?f=xxs,SANDARED,"Tabure, tamnoplava, 71 cm",14.999,Pregled: 3.9 od 5 Zvezdice. Ukupno recenzija:
https://www.ikea.com/rs/sr/p/grytsholm-set-stocica-2-kom-napolju-crno-plava-90597161/,https://www.ikea.com/rs/sr/images/products/grytsholm-set-stocica-2-kom-napolju-crno-plava__1453891_pe991422_s5.jpg?f=xxs,https://www.ikea.com/rs/sr/images/products/grytsholm-set-stocica-2-kom-napolju-crno-plava__1475435_pe998552_s5.jpg?f=xxs,GRYTSHOLM,"Set stočića, 2 kom., napolju/crno-plava",7.999,Pregled: 5 od 5 Zvezdice. Ukupno recenzija:
https://www.ikea.com/rs/sr/p/borgeby-pomocni-stocic-brezov-furnir-80619880/,https://www.ikea.com/rs/sr/images/products/borgeby-pomocni-stocic-brezov-furnir__1472146_pe997462_s5.jpg?f=xxs,https://www.ikea.com/rs/sr/images/products/borgeby-pomocni-stocic-brezov-furnir__1460566_pe993976_s5.jpg?f=xxs,BORGEBY,"Pomoćni stočić, brezov furnir, 46 cm",9.499,Pregled: 4.9 od 5 Zvezdice. Ukupno recenzija:
https://www.ikea.com/rs/sr/p/torsjoe-pomocni-stocic-imitacija-zlata-staklo-60590415/,https://www.ikea.com/rs/sr/images/products/torsjoe-pomocni-stocic-imitacija-zlata-staklo__1368737_pe957893_s5.jpg?f=xxs,https://www.ikea.com/rs/sr/images/products/torsjoe-pomocni-stocic-imitacija-zlata-staklo__1368727_pe957888_s5.jpg?f=xxs,TORSJÖ,"Pomoćni stočić, imitacija zlata/staklo, 45 cm",7.999,Pregled: 4.9 od 5 Zvezdice. Ukupno recenzija:
https://www.ikea.com/rs/sr/p/bergshyttan-sto-imitacija-nijansiranja-brezov-furnir-50601650/,https://www.ikea.com/rs/sr/images/products/bergshyttan-sto-imitacija-nijansiranja-brezov-furnir__1411085_pe973074_s5.jpg?f=xxs,https://www.ikea.com/rs/sr/images/products/bergshyttan-sto-imitacija-nijansiranja-brezov-furnir__1538966_pe1017817_s5.jpg?f=xxs,BERGSHYTTAN,"Sto, imitacija nijansiranja brezov furnir, 240x93 cm",34.999,Pregled: 4.9 od 5 Zvezdice. Ukupno recenzija:
https://www.ikea.com/rs/sr/p/tingby-pomocni-stocic-tockici-bela-20295925/,https://www.ikea.com/rs/sr/images/products/tingby-pomocni-stocic-tockici-bela__0441843_pe593577_s5.jpg?f=xxs,https://www.ikea.com/rs/sr/images/products/tingby-pomocni-stocic-tockici-bela__0727211_pe735559_s5.jpg?f=xxs,TINGBY,"Pomoćni stočić, točkići, bela, 64x64 cm",5.999,Pregled: 4.8 od 5 Zvezdice. Ukupno recenzija:
https://www.ikea.com/rs/sr/p/aengesbyn-sto-za-odlaganje-crna-borovina-svetlosmede-bajcovano-00497806/,https://www.ikea.com/rs/sr/images/products/aengesbyn-sto-za-odlaganje-crna-borovina-svetlosmede-bajcovano__1055670_pe848039_s5.jpg?f=xxs,https://www.ikea.com/rs/sr/images/products/aengesbyn-sto-za-odlaganje-crna-borovina-svetlosmede-bajcovano__1055668_pe848041_s5.jpg?f=xxs,ÄNGESBYN,"Sto za odlaganje, crna/borovina svetlosmeđe bajcovano, 43 cm",6.999,Pregled: 4.8 od 5 Zvezdice. Ukupno recenzija:
https://www.ikea.com/rs/sr/p/stockholm-2025-pomocni-stocic-tockici-hrastov-furnir-70586559/,https://www.ikea.com/rs/sr/images/products/stockholm-2025-pomocni-stocic-tockici-hrastov-furnir__1429078_pe981782_s5.jpg?f=xxs,https://www.ikea.com/rs/sr/images/products/stockholm-2025-pomocni-stocic-tockici-hrastov-furnir__1426096_ph203031_s5.jpg?f=xxs,STOCKHOLM 2025,"Pomoćni stočić, točkići, hrastov furnir",14.999,Pregled: 4.8 od 5 Zvezdice. Ukupno recenzija:
https://www.ikea.com/rs/sr/p/skruvby-pomocni-stocic-bela-80532009/,https://www.ikea.com/rs/sr/images/products/skruvby-pomocni-stocic-bela__1123690_pe874848_s5.jpg?f=xxs,https://www.ikea.com/rs/sr/images/products/skruvby-pomocni-stocic-bela__1123688_pe874847_s5.jpg?f=xxs,SKRUVBY,"Pomoćni stočić, bela, 40x32 cm",4.999,Pregled: 4.7 od 5 Zvezdice. Ukupno recenzija:
https://www.ikea.com/rs/sr/p/smussla-nocni-stocic-spojene-police-bela-90469489/,https://www.ikea.com/rs/sr/images/products/smussla-nocni-stocic-spojene-police-bela__0931281_pe791191_s5.jpg?f=xxs,https://www.ikea.com/rs/sr/images/products/smussla-nocni-stocic-spojene-police-bela__0931700_pe791204_s5.jpg?f=xxs,SMUSSLA,"Noćni stočić/spojene police, bela",5.499,Pregled: 4.7 od 5 Zvezdice. Ukupno recenzija:
https://www.ikea.com/rs/sr/p/aengesbyn-sto-za-odlaganje-crna-borovina-svetlosmede-bajcovano-30492275/,https://www.ikea.com/rs/sr/images/products/aengesbyn-sto-za-odlaganje-crna-borovina-svetlosmede-bajcovano__1055447_pe848035_s5.jpg?f=xxs,https://www.ikea.com/rs/sr/images/products/aengesbyn-sto-za-odlaganje-crna-borovina-svetlosmede-bajcovano__1055665_pe848032_s5.jpg?f=xxs,ÄNGESBYN,"Sto za odlaganje, crna/borovina svetlosmeđe bajcovano, 60 cm",11.999,Pregled: 4.7 od 5 Zvezdice. Ukupno recenzija:
https://www.ikea.com/rs/sr/p/nordkisa-nocni-stocic-bambus-60447677/,https://www.ikea.com/rs/sr/images/products/nordkisa-nocni-stocic-bambus__0756025_pe748745_s5.jpg?f=xxs,https://www.ikea.com/rs/sr/images/products/nordkisa-nocni-stocic-bambus__0813691_ph165841_s5.jpg?f=xxs,NORDKISA,"Noćni stočić, bambus, 40x40 cm",7.499,Pregled: 4.6 od 5 Zvezdice. Ukupno recenzija:
https://www.ikea.com/rs/sr/p/lubban-kolica-sto-i-prostor-odlaganje-ratan-boja-antracita-50434307/,https://www.ikea.com/rs/sr/images/products/lubban-kolica-sto-i-prostor-odlaganje-ratan-boja-antracita__0713688_pe729711_s5.jpg?f=xxs,https://www.ikea.com/rs/sr/images/products/lubban-kolica-sto-i-prostor-odlaganje-ratan-boja-antracita__0835713_pe719508_s5.jpg?f=xxs,LUBBAN,"Kolica-sto i prostor.odlaganje, ratan/boja antracita",9.999,Pregled: 4.6 od 5 Zvezdice. Ukupno recenzija:
https://www.ikea.com/rs/sr/p/burvik-pomocni-stocic-crna-70340384/,https://www.ikea.com/rs/sr/images/products/burvik-pomocni-stocic-crna__0551236_pe658472_s5.jpg?f=xxs,https://www.ikea.com/rs/sr/images/products/burvik-pomocni-stocic-crna__0836683_pe667039_s5.jpg?f=xxs,BURVIK,"Pomoćni stočić, crna, 38 cm",3.999,Pregled: 4.6 od 5 Zvezdice. Ukupno recenzija:
https://www.ikea.com/rs/sr/p/bjoerksnaes-nocni-stocic-breza-70407360/,https://www.ikea.com/rs/sr/images/products/bjoerksnaes-nocni-stocic-breza__0598067_pe677433_s5.jpg?f=xxs,https://www.ikea.com/rs/sr/images/products/bjoerksnaes-nocni-stocic-breza__0735692_pe740096_s5.jpg?f=xxs,BJÖRKSNÄS,"Noćni stočić, breza, 48x38 cm",12.999,Pregled: 4.6 od 5 Zvezdice. Ukupno recenzija:
https://www.ikea.com/rs/sr/p/vikhammer-nocni-stocic-bela-00381764/,https://www.ikea.com/rs/sr/images/products/vikhammer-nocni-stocic-bela__0569519_pe665930_s5.jpg?f=xxs,https://www.ikea.com/rs/sr/images/products/vikhammer-nocni-stocic-bela__0857970_pe665931_s5.jpg?f=xxs,VIKHAMMER,"Noćni stočić, bela, 40x39 cm",6.499,Pregled: 4.5 od 5 Zvezdice. Ukupno recenzija:
https://www.ikea.com/rs/sr/p/garnanaes-stocic-za-kafu-bela-10555099/,https://www.ikea.com/rs/sr/images/products/garnanaes-stocic-za-kafu-bela__1294582_pe935511_s5.jpg?f=xxs,https://www.ikea.com/rs/sr/images/products/garnanaes-stocic-za-kafu-bela__1305607_ph197187_s5.jpg?f=xxs,GARNANÄS,"Stočić za kafu, bela, 65x65 cm",7.999,Pregled: 4.5 od 5 Zvezdice. Ukupno recenzija:
https://www.ikea.com/rs/sr/p/starkvind-sto-s-preciscivacem-vazduha-bajcovani-hrastov-furnir-bela-pametno-80461945/,https://www.ikea.com/rs/sr/images/products/starkvind-sto-s-preciscivacem-vazduha-bajcovani-hrastov-furnir-bela-pametno__0978608_pe814181_s5.jpg?f=xxs,https://www.ikea.com/rs/sr/images/products/starkvind-sto-s-preciscivacem-vazduha-bajcovani-hrastov-furnir-bela-pametno__1017639_pe830879_s5.jpg?f=xxs,STARKVIND,"Sto s prečišćivačem vazduha, bajcovani hrastov furnir/bela pametno",22.999,Pregled: 4.5 od 5 Zvezdice. Ukupno recenzija:
https://www.ikea.com/rs/sr/p/dubbla-postolje-za-laptop-bela-80534701/,https://www.ikea.com/rs/sr/images/products/dubbla-postolje-za-laptop-bela__1342777_pe949115_s5.jpg?f=xxs,https://www.ikea.com/rs/sr/images/products/dubbla-postolje-za-laptop-bela__1337936_pe948168_s5.jpg?f=xxs,DUBBLA,"Postolje za laptop, bela, 60x40 cm",3.999,Pregled: 4.5 od 5 Zvezdice. Ukupno recenzija:
https://www.ikea.com/rs/sr/p/aesperoed-stocic-za-kafu-crna-staklo-crna-00461888/,https://www.ikea.com/rs/sr/images/products/aesperoed-stocic-za-kafu-crna-staklo-crna__0816810_pe773691_s5.jpg?f=xxs,https://www.ikea.com/rs/sr/images/products/aesperoed-stocic-za-kafu-crna-staklo-crna__1194059_pe901791_s5.jpg?f=xxs,ÄSPERÖD,"Stočić za kafu, crna/staklo crna, 115x58 cm",14.999,Pregled: 4.4 od 5 Zvezdice. Ukupno recenzija:
https://www.ikea.com/rs/sr/p/tolkning-nocni-stocic-rucni-rad-20512660/,https://www.ikea.com/rs/sr/images/products/tolkning-nocni-stocic-rucni-rad__1098690_pe865483_s5.jpg?f=xxs,https://www.ikea.com/rs/sr/images/products/tolkning-nocni-stocic-rucni-rad__1098702_pe865493_s5.jpg?f=xxs,TOLKNING,"Noćni stočić, ručni rad, 52 cm",9.999,Pregled: 4.3 od 5 Zvezdice. Ukupno recenzija:
https://www.ikea.com/rs/sr/p/stockholm-set-stocica-2-kom-orahov-furnir-10239713/,https://www.ikea.com/rs/sr/images/products/stockholm-set-stocica-2-kom-orahov-furnir__0735683_pe740088_s5.jpg?f=xxs,https://www.ikea.com/rs/sr/images/products/stockholm-set-stocica-2-kom-orahov-furnir__0212223_pe362779_s5.jpg?f=xxs,STOCKHOLM,"Set stočića, 2 kom., orahov furnir",29.999,Pregled: 4.2 od 5 Zvezdice. Ukupno recenzija:
https://www.ikea.com/rs/sr/p/kragsta-stocic-za-kafu-crna-80262253/,https://www.ikea.com/rs/sr/images/products/kragsta-stocic-za-kafu-crna__0256310_pe400186_s5.jpg?f=xxs,https://www.ikea.com/rs/sr/images/products/kragsta-stocic-za-kafu-crna__0836016_pe601356_s5.jpg?f=xxs,KRAGSTA,"Stočić za kafu, crna, 90 cm",15.999,Pregled: 4.2 od 5 Zvezdice. Ukupno recenzija:
https://www.ikea.com/rs/sr/p/hemnes-nocni-stocic-belo-bajcovano-20200456/,https://www.ikea.com/rs/sr/images/products/hemnes-nocni-stocic-belo-bajcovano__0624424_pe691831_s5.jpg?f=xxs,https://www.ikea.com/rs/sr/images/products/hemnes-nocni-stocic-belo-bajcovano__0380136_pe555081_s5.jpg?f=xxs,HEMNES,"Noćni stočić, belo bajcovano, 46x35 cm",6.499,Pregled: 4.5 od 5 Zvezdice. Ukupno recenzija:
https://www.ikea.com/rs/sr/p/tonstad-nocni-stocic-hrastov-furnir-80489322/,https://www.ikea.com/rs/sr/images/products/tonstad-nocni-stocic-hrastov-furnir__1247217_pe922597_s5.jpg?f=xxs,https://www.ikea.com/rs/sr/images/products/tonstad-nocni-stocic-hrastov-furnir__1320234_pe941173_s5.jpg?f=xxs,TONSTAD,"Noćni stočić, hrastov furnir, 40x40x59 cm",14.999,Pregled: 4.4 od 5 Zvezdice. Ukupno recenzija:
https://www.ikea.com/rs/sr/p/grafjaellet-nocni-stocic-boja-antracita-20570221/,https://www.ikea.com/rs/sr/images/products/grafjaellet-nocni-stocic-boja-antracita__1327638_pe944536_s5.jpg?f=xxs,https://www.ikea.com/rs/sr/images/products/grafjaellet-nocni-stocic-boja-antracita__1380914_ph200894_s5.jpg?f=xxs,GRÅFJÄLLET,"Noćni stočić, boja antracita, 45x36x59 cm",3.999,Pregled: 4.5 od 5 Zvezdice. Ukupno recenzija:
https://www.ikea.com/rs/sr/p/froetorp-pomocni-stocic-bela-hromirano-bela-staklo-30622093/,https://www.ikea.com/rs/sr/images/products/froetorp-pomocni-stocic-bela-hromirano-bela-staklo__1477098_pe999113_s5.jpg?f=xxs,,FRÖTORP,"Pomoćni stočić, bela hromirano/bela staklo, 48 cm",9.999,Pregled: 4.6 od 5 Zvezdice. Ukupno recenzija:
https://www.ikea.com/rs/sr/p/stensele-ploca-stola-boja-antracita-50426939/,https://www.ikea.com/rs/sr/images/products/stensele-ploca-stola-boja-antracita__0760238_pe750629_s5.jpg?f=xxs,,STENSELE,"Ploča stola, boja antracita, 70x70 cm",6.499,Pregled: 4 od 5 Zvezdice. Ukupno recenzija:
https://www.ikea.com/rs/sr/p/tunsta-pomocni-stocic-boja-antracita-50299502/,https://www.ikea.com/rs/sr/images/products/tunsta-pomocni-stocic-boja-antracita__1155132_pe886414_s5.jpg?f=xxs,https://www.ikea.com/rs/sr/images/products/tunsta-pomocni-stocic-boja-antracita__1246966_pe922416_s5.jpg?f=xxs,TUNSTA,"Pomoćni stočić, boja antracita, 70x50 cm",7.999,Pregled: 4.1 od 5 Zvezdice. Ukupno recenzija:
https://www.ikea.com/rs/sr/p/listerby-pomocni-stocic-tamnosmeda-bukov-furnir-10562250/,https://www.ikea.com/rs/sr/images/products/listerby-pomocni-stocic-tamnosmeda-bukov-furnir__1170329_pe892780_s5.jpg?f=xxs,https://www.ikea.com/rs/sr/images/products/listerby-pomocni-stocic-tamnosmeda-bukov-furnir__1170334_pe892781_s5.jpg?f=xxs,LISTERBY,"Pomoćni stočić, tamnosmeđa bukov furnir, 50 cm",12.999,Pregled: 4.7 od 5 Zvezdice. Ukupno recenzija:
https://www.ikea.com/rs/sr/p/skalsta-sto-im-hrastovine-u-obliku-slova-u-crnosiva-s99608235/,https://www.ikea.com/rs/sr/images/products/skalsta-sto-im-hrastovine-u-obliku-slova-u-crnosiva__1486617_pe1002475_s5.jpg?f=xxs,https://www.ikea.com/rs/sr/images/products/skalsta-sto-im-hrastovine-u-obliku-slova-u-crnosiva__1449051_pe989750_s5.jpg?f=xxs,SKÅLSTA,"Sto, im. hrastovine/u obliku slova U Crnosiva, 140x80 cm",14.999,Pregled: 4.8 od 5 Zvezdice. Ukupno recenzija:
https://www.ikea.com/rs/sr/p/skalsta-noga-stola-u-obliku-slova-u-crnosiva-90611850/,https://www.ikea.com/rs/sr/images/products/skalsta-noga-stola-u-obliku-slova-u-crnosiva__1426308_pe979746_s5.jpg?f=xxs,https://www.ikea.com/rs/sr/images/products/skalsta-noga-stola-u-obliku-slova-u-crnosiva__1449051_pe989750_s5.jpg?f=xxs,SKÅLSTA,"Noga stola, u obliku slova U Crnosiva",8.000,
https://www.ikea.com/rs/sr/p/skalsta-sto-svetla-sivobez-u-obliku-slova-u-crnosiva-s59590765/,https://www.ikea.com/rs/sr/images/products/skalsta-sto-svetla-sivobez-u-obliku-slova-u-crnosiva__1486612_pe1002470_s5.jpg?f=xxs,https://www.ikea.com/rs/sr/images/products/skalsta-sto-svetla-sivobez-u-obliku-slova-u-crnosiva__1517019_pe1012074_s5.jpg?f=xxs,SKÅLSTA,"Sto, svetla sivobež/u obliku slova U Crnosiva, 140x80 cm",14.999,Pregled: 5 od 5 Zvezdice. Ukupno recenzija:
https://www.ikea.com/rs/sr/p/skalsta-sto-im-orahovine-u-obliku-slova-u-crnosiva-s59608119/,https://www.ikea.com/rs/sr/images/products/skalsta-sto-im-orahovine-u-obliku-slova-u-crnosiva__1486623_pe1002480_s5.jpg?f=xxs,https://www.ikea.com/rs/sr/images/products/skalsta-sto-im-orahovine-u-obliku-slova-u-crnosiva__1449031_pe989719_s5.jpg?f=xxs,SKÅLSTA,"Sto, im. orahovine/u obliku slova U Crnosiva, 140x80 cm",14.999,Pregled: 4.8 od 5 Zvezdice. Ukupno recenzija:
https://www.ikea.com/rs/sr/p/skalsta-sto-tamnosiva-zelena-im-mermera-u-obliku-slova-u-crnosiva-s29608234/,https://www.ikea.com/rs/sr/images/products/skalsta-sto-tamnosiva-zelena-im-mermera-u-obliku-slova-u-crnosiva__1486608_pe1002466_s5.jpg?f=xxs,https://www.ikea.com/rs/sr/images/products/skalsta-sto-tamnosiva-zelena-im-mermera-u-obliku-slova-u-crnosiva__1449037_pe989722_s5.jpg?f=xxs,SKÅLSTA,"Sto, tamnosiva-zelena im. mermera/u obliku slova U Crnosiva, 140x80 cm",14.999,Pregled: 5 od 5 Zvezdice. Ukupno recenzija:
https://www.ikea.com/rs/sr/p/rian-pomocni-stocic-bela-80343419/,https://www.ikea.com/rs/sr/images/products/rian-pomocni-stocic-bela__0472747_pe614250_s5.jpg?f=xxs,https://www.ikea.com/rs/sr/images/products/rian-pomocni-stocic-bela__0836415_pe668858_s5.jpg?f=xxs,RIAN,"Pomoćni stočić, bela, 50x30 cm",2.999,Pregled: 4.3 od 5 Zvezdice. Ukupno recenzija:
https://www.ikea.com/rs/sr/p/oerskaer-set-stocica-2-kom-unutra-spolja-tamnosiva-30533737/,https://www.ikea.com/rs/sr/images/products/oerskaer-set-stocica-2-kom-unutra-spolja-tamnosiva__1166266_pe891092_s5.jpg?f=xxs,https://www.ikea.com/rs/sr/images/products/oerskaer-set-stocica-2-kom-unutra-spolja-tamnosiva__1170618_pe892888_s5.jpg?f=xxs,ÖRSKÄR,"Set stočića, 2 kom., unutra/spolja tamnosiva",8.999,Pregled: 4.3 od 5 Zvezdice. Ukupno recenzija:
